;base_value;screen_on;voltage;usage;screen_brightness;network_status_WIFI;battery_level;temperature;up_time;network_status_disconnected;system_size_partition_busy;network_status_0;shareit_0;ims service_1;com.sec.phone_1;google play music_1;system ui_1;bluetooth share_1;battery analytics_0;google play services_1;com.facebook.orca:videoplayer_0;messenger_0;com.samsung.android.email.provider:service_0;com.lenovo.anyshare.gps:transfer_0;health_Unspecifiedfailure;google play m√∫sica_1;os_version_6.0.1;health_Good;health_Unknown;bootagent_1;network_status_disconnecting;network_status_edge;network_status_gprs;network_status_hsdpa;network_status_hspap;network_status_hsupa;network_status_lte;com.facebook.katana:videoplayer_0;youtube_1;beaconmanager_1;whatsapp_0;ram_busy_percent;user_storage_busy_percent;roaming_enabled;bluetooth_enabled;location_enabled;power_saver_enabled;nfc_enabled;developer_mode;battery double_0;com.google.android.googlequicksearchbox:interactor_0;com.google.android.googlequicksearchbox:search_0;org.simalliance.openmobileapi.service:remote_0;com.instagram.android:mqtt_0;secvideoengineservice_1;com.facebook.lite:fbns_0;com.android.systemui.recents_0;com.instagram.android:videoplayer_0;com.android.chrome:privileged_process0_0;com.sec.spp.push:remotedlcprocess_0;lite_0;google backup transport_1;google play store_1;fused location_1;csc_1;samsung push service_1;layanan google play_1;network_status_utms;com.facebook.katana:notification_0;batteryhub_0;com.google.android.gms.persistent_0;os_version_5.1.1;os_version_7.1.2;network_status_19;network_status_hspa;com.android.smspush_1;com.qualcomm.qcrilmsgtunnel_1;android services library_1;com.qualcomm.qti.tetherservice_1;facebook_0;os_version_6.0;os_version_5.1;bluetooth_1;os_version_4.2.2;os_version_4.3;os_version_4.4.2;os_version_5.0.2;os_version_5.0.1;com.android.systemui.imagewallpaper_0;context service_1;network_status_ehrpd;network_status_connecting;network_status_1xrtt;com.qualcomm.atfwd_1;os_version_7;health_Overheat;network_status_evdo_a;os_version_4.4.4;network_status_30;os_version_10.1.2;os_version_6;os_version_5;network_status_16;os_version_4.1.2;os_version_7.1.1;health_Overvoltage;os_version_4.1.1;os_version_9.0.1;network_status_17;os_version_7.1;os_version_5.0
SM-G532F;273.2629;60.12232511556056;22.601849559398815;18.767448793682828;13.178847993447137;8.928569455831521;5.06522479498204;5.032860532240544;4.538140993987888;4.3138812855510835;0.7127968086855232;0.3668679989306126;0.0;0.0;0.0;0.0;0.0;0.0;0.0;0.0;0.0;0.0;0.0;0.0;0.0;0.0;0.0;0.0;0.0;0.0;0.0;0.0;0.0;0.0;0.0;0.0;0.0;0.0;0.0;0.0;0.0;0.0;0.0;0.0;0.0;0.0;0.0;0.0;0.0;0.0;0.0;0.0;0.0;0.0;0.0;0.0;0.0;0.0;0.0;0.0;0.0;0.0;0.0;0.0;0.0;0.0;0.0;0.0;;;;;;;;;;;;;;;;;;;;;;;;;;;;;;;;;;;;;;;;;;;
Redmi Note 3;162.1694;50.70946362830851;8.315149427136602;0.0;1.2102115825967779;6.095245261284979;0.0;7.115062145021099;0.0;0.0;0.0;0.0;0.0;;;0.0;3.9956432018998624;0.0;0.0;0.0;0.0;0.6544072614657619;;0.0;;1.1452402755085067;0.0;0.0;0.0;;0.0;0.0;0.0;0.0;0.0;;0.0;0.0;0.0;;0.09008470839883649;0.0;0.0;0.0;3.5634193218165557;2.050017958725154;0.0;0.0;0.0;0.0;0.0;19.97937047219143;0.0;0.0;;0.0;;0.0;0.24063718991401173;;0.0;0.0;0.29862338482798845;1.3747882798376634;;;0.393952624882827;0.0;2.754697930624417;1.8475210525666137;0.0;0.0;0.0;0.0;0.0;0.0;0.0;0.0;0.0;0.0;;;;;;;;;;;;;;;;;;;;;;;;;;;;;;;
S5E_NXT;132.4785;21.13864802189988;38.750769193952856;0.0;4.684217964325518;0.0;47.59563782636659;0.0;0.0;12.315293874689594;0.9112490463332561;0.0;0.0;;;;;;0.0;;0.0;0.0;;0.0;;;;0.0;;;;0.4537012113444277;0.0;0.0;1.1213490382807816;;;0.0;;;10.350010056186111;0.0;0.0;0.0;0.0;0.0;0.0;0.0;0.0;0.0;0.0;0.0;;5.141155562282749;;0.0;;0.0;0.0;;3.8596071265183616;0.0;0.0;0.0;;;0.36639638796032;1.0739047416899377;;;0.0;;;;0.0;0.0;;;;7.381652217849376;0.0;0.0;;;;;;;;;;;;;;;;;;;;;;;;;;;;;
GT-I9505;376.418;252.01424831760613;73.47026356911175;0.497343759453009;9.062430016388172;1.3621935933302423;17.637635111799387;33.54056664979986;0.6769576844311861;4.4835229998015675;0.0;0.0;0.0;0.0;0.0;0.0;0.0;0.0;0.0;5.378846139834943;0.15349574292516474;0.0;;0.4743642361644073;0.0;0.0;;0.0;0.0;;0.0;0.0;0.0;0.0;0.0;;0.0;0.0;0.0;0.0;0.0;3.2118375025410812;1.1456099089865235;0.0;0.8737444513493896;2.092952837793206;0.0;7.907472618384153;2.303542444487794;0.0;0.25308607622736146;2.5136166251812453;0.0;3.62122609815229;;0.0;;0.0;0.515139655971527;0.371712910433348;0.0;0.0;0.28440111694235426;0.0;;0.16524138268475502;0.0;0.0;0.0;30.14328580611854;0.0;11.981840418250755;0.0;;0.0;0.0;0.0;0.0;;0.0;;;7.355281947709132;0.0;0.0;0.0;0.0;0.0;0.0;0.0;;;;;;;;;;;;;;;;;;;;;
SM-N910H;153.7476;16.454476980413308;13.381994305301836;18.943874450777553;0.002134752488569411;0.5010505453371192;0.47210847776886605;0.5502419336594354;0.09051254899980588;3.5737754556604204;1.0438806164452115;;3.215635863998805;;0.0;0.0;0.0;3.1321437541609765;0.0;0.0;0.032059417533533016;1.3190492963462261;;0.17718825316139722;0.0;0.9688773470959257;0.0;0.0;0.0;0.0;0.0;0.0;0.0;0.0;0.10577540511739128;;;0.6023467263513824;0.4415442767766046;0.4999619802131533;;0.5610611084761119;0.0;0.0;2.2080640844677757;0.4823493365728661;1.150906860749883;0.43791251449832336;0.08008100743278272;2.726100916384825;0.0;0.6981769395287917;0.0;1.9318273780466777;;0.139875449708926;0.03565982702668406;0.35868057902380823;0.04921433495887892;0.06427607509814248;0.25299062771042835;0.0;2.127652364182593;0.0;0.0;0.0;0.06359116291209521;1.6406672665425286;2.151214437281347;;0.0;0.0;;;;;;;;;;;0.0;;;;;;3.491842865829308;0.0;;;;;;;;;;;;;;;;;;;;;
SM-G355H;207.2268;102.1127679360814;17.86174434241165;1.1127782311398746;0.0;1.6581187322095623;8.311747674295585;6.128421598529494;1.2605000653355427;34.50262285555207;26.331798088146403;0.0;0.0;;0.0;0.0;0.0;2.4397922985521987;;1.6494454594154893;0.0;0.8240880020472793;;0.0;0.0;0.0;;0.0;;;;0.0;;0.0;0.0;0.0;;0.0;0.4390701051283952;;14.242084522225731;0.0;1.5125179416177188;0.0;0.0;4.0818223476938;0.0;0.0;0.0;0.4304379223091725;;2.223001472862224;;0.0;;4.415760815589008;;0.0;0.0;0.0;0.34298067736075666;2.4503624203291046;0.9452500856279173;0.0;;10.189439144981002;0.0;0.2756124448212793;;0.794859866247134;0.0;;;;0.0;0.0;;;;1.0657559881688234;;;;;;0.0;;;;;;;;;;;;;;;;;;;;;;;;;
Moto G (4);264.0197;212.7249064859013;28.377221316738584;8.878138928750426;14.599916293896097;5.798578281986893;11.208083837781196;12.509440017297951;4.912549752446563;6.810428757770719;0.19490626388638302;0.0;1.7581431275721766;;;17.371172039576066;21.039942479381036;1.7987044588955368;23.49317576532315;1.2335939523737252;0.7881811856579112;16.088729516995368;;1.3156530186333628;;7.5035836380298395;0.0;0.0;0.0;;1.0061726022884971;0.0;0.0;0.0;0.03604838545736567;;1.6915757591837752;4.186279655867817;0.9338430589154537;;1.165258976543127;3.4709378136945217;8.883288486503865;0.7875393117622246;5.2046335108787805;2.351811625758943;3.0535771275362302;0.0;0.7251287929367606;116.65541766970198;0.0;4.034505971404755;;18.05062924324611;;0.35909006003023447;;0.21655543515921594;1.7736640625718922;;0.0;0.0;6.10634038777874;0.0;;;;0.0;0.0;0.0;0.0;;;;0.0;;0.0;0.0;0.0;8.77978083717942;;;0.0;;;;;;;;0.0;0.0;0.0;0.0;0.0;;;;;;;;;;;;;;;;
Z981;153.5485;44.976902709488165;32.01668576219187;2.110513452826376;5.672127242511235;25.921192214293377;5.877470210171756;2.7128416664266735;6.875887926975766;9.08762236544474;2.8268960149265827;;0.0;;;2.1059569715551376;0.0;0.9056999688656587;0.0;0.0;1.0277565964786548;0.0;;0.0;;0.5842063009345588;0.0;0.0;0.0;;0.0;0.0;;0.0;0.0;;1.2234520180774253;0.6470256817877911;0.35183580641040113;;7.285004717902254;1.2319313948829842;3.916560090306312;0.0;1.5731916597450821;8.433635926038495;8.273542642421997;0.0;3.7910159661024476;0.0;0.0;5.0279615749008695;;3.5204432727310655;;22.629102530497516;;1.2554723499213463;0.009943838798529003;;0.0;0.0;1.496147874494922;2.5389913542994713;;;;0.0;0.13073786430878037;;;;;0.0;0.0;0.0;0.0;;0.0;0.35582251825877087;;;;;;;;;;;;;;1.8969738579301003;;0.0;;;;;;;;;;;;;;;
Lenovo Z90a40;80.3078;1.3908796047242045;12.674184558057604;0.0;0.0;0.0;13.884394368961727;0.7758206610155589;0.46537234520547727;0.0;0.0;0.0;0.0;;;0.0;0.0;0.0;0.0;0.0;0.0;0.0;;0.0;;;0.0;0.0;;;0.0;0.0;0.0;0.0;0.0;0.0;0.0;0.0;0.0;;0.0;0.0;0.0;0.0;0.0;0.0;0.0;0.0;0.0;0.0;0.0;0.0;;0.0;;0.0;;0.0;0.0;;0.0;0.0;0.0;0.0;;;0.0;0.0;0.0;;0.0;0.0;;;0.0;0.0;0.0;;;0.0;;0.0;;;;;;;;;;;;0.0;;0.0;;;;;;;;;;;;;;;
i5E;288.6584;89.21820172220052;4.610189640504991;16.406975579165284;1.965919258198126;8.735048987145738;2.374120248231948;0.0;0.635027247317862;18.56911921197683;0.0;0.0;0.0;;;;;;0.0;;0.0;0.14738056044189188;;40.7773876422636;;;;0.0;;;;0.0;0.0;;0.0;;1.942228450943526;0.0;;;0.0;0.0;1.5471785612408293;0.0;0.5835437823571983;7.548718205676746;0.0;0.0;6.368749634187996;0.0;0.0;2.7520626046704257;;3.2352949430891575;;0.0;;0.7646980354697918;2.1879800981841955;;0.2993272932058164;0.0;3.0705842908962047;0.0;;;0.0;0.0;;;0.0;;;;0.0;12.452836302390347;;;;0.29669263257264344;;0.0;;;;;;;;;;;;;;;;;;;;;;;;;;;;;
XT1254;665.8766;338.19461115695697;47.438569831113114;26.177400261830194;19.358018180531428;0.0;0.0;120.8634053199968;14.052233486176357;24.8445170493063;0.0;0.0;0.0;;;0.0;0.0;0.0;0.0;0.0;0.0;5.850623560967883;;0.0;;0.0;0.0;0.9721117846062222;;;0.0;0.0;0.0;;0.0;0.0;0.0;0.0;0.0;;0.0;0.0;161.45033430490665;0.0;0.0;0.0;0.0;0.0;0.0;0.0;0.0;0.0;;0.0;;0.0;;6.776395837429545;0.0;;0.0;0.0;0.0;0.0;;;;0.0;11.036556748368001;;;;;;0.0;;0.0;;;0.0;;;0.0;;;;;;;;;;0.0;0.0;;0.24757758140354252;0.0;;;;;;;;;;;;;;
POLYTRON R2407;48.1053;9.131526237377036;3.733776420644804;0.9881361998823979;0.0;0.0;2.8375068687657024;0.0;1.232133978483235;7.179708695779924;0.0;0.0;0.0;;;;;;0.0;;0.0;0.0;;0.0;;;;0.0;;;;0.0;0.0;;0.0;;;0.0;;;0.0;0.22133695883249907;1.676140183622265;0.0;0.0;0.0;0.0;0.0;5.991408822511873;0.0;0.0;1.258971670989401;;0.0;;0.0;;0.0;0.0;;0.0;;0.0;0.0;;;0.0;0.0;;;0.0;;;;0.0;0.0;;;;0.0;;0.0;;;;;;;;;;;;;;;;;;;;;;;;;;;;;
LG-M150;206.0421;70.79484042798364;38.6279078345633;4.354946646346828;3.193496803806643;0.0;11.232459231749335;23.44107573812626;0.5870722479142143;25.179789278161245;4.3858878508823285;;0.0;;;2.0017292720224917;0.0;;0.0;1.1757006422109961;1.192117213232536;0.0;;0.0;;4.9290213684731965;;0.0;;;0.0;0.0;0.0;0.0;10.059249617141969;;0.0;4.521067331997467;0.0;;0.0;4.557331310723197;2.71035762263896;0.0;1.2299206804309069;4.29310723665972;0.0;0.0;4.933161087175707;0.0;0.0;3.2871099037406393;;0.0;;3.316317535674908;;0.0;0.0;;0.0;0.0;0.0;;;;;0.0;;;;;;;0.0;;0.0;0.0;0.0;;;;3.9629425162427623;;;;;;;;;;;0.0;0.0;0.0;;;;;;;;;;;;;;;
XT1080;234.1817;111.23802830783256;1.9978415818809008;7.3038781090000775;5.847181528250055;1.4348221839607387;1.9646124439572352;7.220088942376031;3.580533653396415;26.97172936831605;0.0;;0.6053972936109097;;;0.4468713719920409;0.0;;;0.0;1.5238018329354301;2.6385624811004234;;0.9789563731371401;;;;0.0;;;;0.0;0.0;0.0;15.342040290410797;;5.791188409522405;1.3037410924273491;0.17664693003310994;;0.7824783157095718;1.379867613767435;28.932319739104745;1.70706606453594;0.1650651073482992;2.5069781127293727;0.0;28.520002397423344;0.0;0.0;;1.660510949997491;;6.416150541712994;;0.0;;0.0;2.51963766130498;;0.8616054212673494;20.92810854251735;2.202407244601832;;;;;0.0;0.06521545567975692;;0.30096092552880893;;;;0.41056744784865457;;;;;1.437790354536777;;;;;;;;;;;;;;0.0;;;;0.0;;;;;;;;;;;;;
SM-G925I;121.7623;29.573752440707956;4.147557647861679;21.231188759646148;0.9789727084953233;0.0;4.283384933481113;0.0;0.0;0.0;0.5714380618356856;;0.0;0.0;0.49394471420290664;0.0;0.0;;0.0;0.0;0.0;8.803921709150485;0.0;0.0;;0.0;0.0;0.0;0.0;0.0;0.0;0.0;0.0;0.0;0.0;0.0;2.910690531914588;0.0;2.6044526187545296;0.0;2.206383705820225;0.0;0.0;0.0;0.0;0.0;0.6214915608267273;0.836823960185382;0.0;0.0;0.0;0.0;0.0;0.0;0.0;0.0;0.0;0.0;0.0;0.0;0.0;0.0;1.4435076464188334;0.0;0.0;1.080996110742787;0.0;0.0;0.8633152279968977;0.0;;;;;;;;0.0;;0.0;;;0.0;;;;;;;0.0;;;;;0.0;;;;;;;;;;;;;;;;
SM-N910F;320.7001;198.98777302573617;28.97642077069421;0.0;5.540837983141478;0.4575993268553072;0.0;14.958416842712998;0.0;8.163226148648583;16.43295950651858;;0.0;0.0;0.0;5.809708885166339;0.0;0.0;;0.0;6.046764542490357;0.0;;0.0;;0.0;0.0;0.0;0.0;0.0;0.0;0.0;0.0;0.0;1.0065316093263688;0.0;1.409081843920009;0.0;0.0;0.8990249741298623;0.0;0.0;0.0;0.0;0.0;48.732908995223845;0.0;2.4750872840611957;0.0;0.0;0.0;0.37575452331359155;0.0;31.449523265997367;;2.7387237394453003;0.0;0.0;0.0;0.0;0.0;0.0;0.0;0.0;0.0;0.0;;0.0;0.0;0.0;0.0;0.0;;;0.0;;;;;0.0;;;0.0;;;;;0.0;0.0;0.0;;;;0.0;;;;0.0;0.0;;;;;;;;;;;;
SM-G7102;422.8874;236.09168087997594;80.29373808498946;1.1890651697876498;17.731375874356658;1.1941953003999644;6.74898958549832;142.87647179732633;15.897368639713278;0.12010928140443264;21.215142094510455;1.4473743809118889;0.0;;0.2262095017613087;0.0;0.0;0.0;;0.0;0.0;0.0;;0.0;0.0;0.0;;0.0;0.0;;;0.0;0.0;0.0;0.0;;;2.332529515877878;0.0;;0.0;0.6620808632584163;5.790129808496318;0.0;0.0;0.0;0.0;0.0;0.0;2.0106298907337243;;0.9604463253795118;0.0;0.0;;0.0;;0.0;0.0;0.0;0.0;0.0;4.66252860016909;0.0;0.0;0.0;4.591181313249198;0.0;;;0.0;;;;0.0;;;;;0.0;;;;;0.0;0.0;;;;0.0;;0.0;;0.0;;;;;;0.0;;;;;;;;;;;
ZTE BLADE A512;1002.0972;598.6954869049143;75.40581563881385;9.648309123398557;46.71338841936989;2.896758974558437;30.682544769763965;53.7926609110792;12.824928466378356;208.54362530239933;26.022975090397114;0.0;;;;;;4.724976501842475;;0.0;38.78315631245963;137.87430222745488;;;;23.672951900710576;0.0;0.0;0.0;;0.0;0.0;0.0;0.0;0.0;;2.080140169998971;3.54720181634495;51.28511057265838;;6.9233477679079805;7.520161592560254;5.909414062473553;0.0;3.4798713494660936;4.612178052104219;0.38718268282007967;0.0;34.085118731860156;0.0;0.0;7.097130377666368;;76.74444268123113;;;;5.071860260737036;18.46832380656045;;;0.0;69.34059996605488;;;;;3.7224377054509437;48.56650051246532;0.0;;;;;0.0;0.0;0.0;;0.0;75.29064634424527;;;;;;;;;;;;;;;;;;;;;;;;;;;;;;;
Andromax B26D2H;163.459;108.32727571234878;7.620948238007982;34.43787551744654;4.491772494939979;0.0;0.0;9.92285378306432;3.5159092540177235;13.294566770793894;0.0;0.0;1.7583545853763076;;;;;;11.599875899151371;;0.0;0.0;;0.0;;;0.0;0.0;0.0;;0.0;;;;;;11.252722379448995;0.0;0.0;;0.0;0.0;0.5449349325644034;0.0;0.0;0.0;0.0;0.0;0.0;0.0;0.0;0.0;;0.0;;0.0;;0.0;0.0;;3.386677973107012;0.0;0.0;0.0;;;0.0;;0.0;;;;;;;0.0;0.0;;0.0;0.0;;;;;;;;;;;;;;;;0.0;;;;;;;;;;;;;;;
Moto G (5);434.7925;212.08943720729343;1.6854038128778495;4.750484265604391;0.0;0.0;21.82195672516154;53.624079162739974;2.2898425058896135;20.586768507167594;3.82803130559636;0.47146671053923855;0.0;;;0.0;0.0;0.0;;0.0;20.733051983465753;0.0;;0.0;;0.0;;0.0;;;0.0;0.0;0.0;;0.0;0.0;0.0;17.054511014907003;0.0;;1.6992996234931586;5.77088559996663;2.2532189222991783;0.0;0.0;0.0;0.0;0.0;25.06557343084256;0.0;0.0;0.0;;52.11445060433718;;0.0;;0.0;2.554828597196951;;;0.0;4.703685998948019;0.0;;;;0.0;0.0;0.0;;;;;0.0;;0.0;0.0;0.0;0.0;;;0.0;;;;;;;;;0.0;;0.0;0.0;0.0;;;;;;;;;;;;;;;
ALE-L21;361.8447;227.28219871203498;22.546513351927263;7.5033018110321645;0.0;0.0;7.180402947886031;51.33399403865882;0.0;3.0860397170175884;0.0;0.0;0.0;;;0.0;0.0;0.0;0.0;0.0;8.746594507520468;0.0;;0.0;;0.0;;0.0;;;0.0;0.0;;0.0;0.0;;0.2560407829016644;36.34863426180706;0.0;;0.0;0.0;0.0;0.0;11.906532676616893;2.2215052869419942;0.0;2.29398720229176;1.41049092258982;0.0;0.0;0.0;0.0;3.601779554033569;;0.0;;0.0;0.0;;;0.0;2.4769308859613233;0.0;;;0.0;0.0;0.0;2.7690838281342707;0.0;;;;0.0;0.0;;0.0;;0.0;;;;;;;;0.0;;;;0.0;;;;;;;;;0.0;0.0;0.0;;;;;;;;
GT-I8262;109.6763;39.772249495677734;7.178518784741167;0.0;0.0;0.0;1.1692811824077014;4.028833512717252;0.0;16.70071128107679;4.830361093425294;0.0;1.2369394590165619;;0.0;0.0;3.2913325171676604;4.137645906413947;;0.9359318811619131;0.0;0.31084467865089893;;1.2306690316731912;0.0;0.0;;0.0;;;;0.0;0.0;0.0;;0.0;;0.0;0.39794031870446905;;0.39121855705428693;0.5639707224785244;0.0;0.0;2.1104836641633486;1.3705938387993195;0.0;0.0;0.0;0.0;;0.0;;14.29721359288222;;4.725453342228452;;0.0;0.0;0.0;2.232587333141072;0.0;6.250457289251291;;;0.0;0.0;0.0;;0.0;3.830955730423323;;;;0.7994797603078572;;;;;0.0;;;;;;;;;;;;;;;;;;;;;;;;0.0;;;;;;;
SM-G925T;107.9984;0.16612279337821387;14.217968007702073;7.6317681659516925;0.1611934309185216;0.07236922923356924;4.578861967175515;3.219961808949333;3.208220834516514;0.556267813612842;0.0;;0.0;0.0;0.0;0.04031657956359653;0.0;0.0;0.0;0.0;0.03922526389753667;0.0;0.01916832155925037;0.0;;;0.0;0.0;0.0;0.0;0.0;0.0;;;2.1266294491621567;0.02422655246164438;0.0;0.0;0.0776300175607465;0.0;0.35714834833805487;0.5941622712919704;1.4862689071826847;0.0;0.0;0.0;0.0;0.0;0.0;0.07214670355413162;0.0;0.0;0.0;0.0;0.0;0.0;0.0;0.019977011446131003;0.0;0.0;0.0;0.0;0.04744752115361453;0.0;0.0;0.0;;0.0;0.0;;;;;;;;;0.0;;0.14846556337670122;;;0.0;;;;;;;0.0;;;;;0.0;;;;;;;;;;;;;;;;
Moto E (4);365.5753;116.6016945523705;2.204536476591056;10.954610820245472;28.1627189476801;2.4311919453915407;0.7200047407691978;19.277442252617224;3.9867709047986137;0.0;25.256922915956554;;;;;0.0;11.346032930534763;0.0;6.494557839402302;41.00586557173554;1.8816403955001795;0.0;;;;0.0;;0.0;0.0;;0.0;0.0;;0.0;0.0;;0.0;0.0;0.9962550616840361;;0.0;0.0;2.4736003933758033;0.0;0.0;0.8586226669389551;3.238268486554814;0.0;0.0;0.0;0.0;0.0;;0.0;;0.0;;0.0;1.5130662079738466;;2.198970394024287;0.0;3.0478113774456967;3.0416157108796162;;;;0.0;0.0;;;;;;0.0;;0.0;0.0;0.0;13.60691027352839;;;0.0;;;;;;;;0.0;0.0;0.0;0.0;;0.0;;;;;;;;;0.0;;;;;;
Andromax A26C4H;118.2379;13.259662977446979;13.544920515760769;20.871197252094206;1.880230705760491;0.0;3.543783300499355;0.0;0.8506642267146688;0.0;4.3620590345574515;0.0;0.0;;;0.0;0.0;0.0;0.0;0.0;0.0;0.0;;0.0;;;0.0;0.0;0.0;;0.0;0.0;;;;;0.0;0.0;0.0;;0.0;0.0;0.0;0.0;0.0;0.0;2.2036832147217438;0.0;0.0;0.0;0.0;0.0;;0.0;;0.0;;0.0;0.0;;0.0;0.0;0.0;0.0;;;0.0;;;;;;;;;0.0;0.0;;0.0;0.0;;;;;;;;;;;;;;;;0.0;;;;;;;;;;;;;;;
LG-K350;279.8371;121.90738407717943;44.98161117059297;8.588667738245345;11.61257878754951;8.902685062512017;3.000615021199678;25.151205654491932;0.0;16.044557641415146;8.400044684450497;0.0;0.0;;;0.0;0.0;;0.0;0.0;0.0;0.0;;0.0;;0.0;;0.0;;;0.0;0.0;0.0;0.0;0.0;;0.7794318334998243;0.0;0.0;;0.0;0.0;0.0;0.0;0.0;0.0;0.0;0.0;0.0;0.0;0.0;1.5851124481166166;;0.0;;0.0;;0.0;0.0;;0.0;0.0;0.0;;;;0.0;0.0;;0.0;;;;;0.0;;;;;0.0;;;0.0;;;;;;;;;0.0;;;;;;;;;0.0;;;;;;;;;;
SM-A300FU;200.29869999999997;101.55692229316425;16.807217038890553;4.788528623868042;1.897906540434072;10.302219790126511;2.1219695797278066;11.086367387026632;0.18742051675753263;11.391931742165484;0.0;0.0;0.7683306595490137;0.0;2.4229134913357013;0.8088013114169162;0.0;0.5706812111863595;0.0;0.7213139294056388;1.3892734449971806;0.0;;3.9826995559935807;;0.0;0.0;0.0;;0.0;0.0;0.4346066437274984;0.0;0.0;5.100667880856381;0.0;0.0;0.07050287864979454;0.4041967888795947;0.19341778127954487;0.8676329297447904;0.32466660740149716;1.0162292415343979;2.0014002664976593;0.0;1.4484320333488987;0.07593773929002914;0.0;0.0;0.0;0.29161728346010846;0.1410347925212715;0.0;0.0;;;0.0;0.22288737164812641;0.26512675370302646;0.0;;3.972792144470598;0.19881469451273154;0.0;0.0;0.0;;0.0;;0.283962730257769;0.3987371683678101;;;;0.0;;;;;1.4441270686309609;;;0.0;;;;0.0;;0.0;0.0;;;;0.04829569963594446;;;;0.0;0.0;;;;;;;0.0;;;;;
ASUS_T00F;154.1131;92.36158652557847;9.312151743088824;9.84909851289795;6.794455059477438;1.3095266989988;0.0;34.871570503122804;0.4619667086834716;9.7049704095798;3.642684699699367;0.0;4.249731487435879;;;0.0;0.0;0.0;;0.0;0.0;6.232035430743133;;9.609452055787575;;;;0.0;;;0.0;0.0;0.0;0.0;0.6417120617303277;;;0.0;5.645328694473074;;0.7479157349400428;4.109207564013842;0.0;0.0;0.0;0.8081062106817443;0.0;0.0;0.0;0.0;0.0;1.5123808968362187;0.0;2.0497925926922766;;2.296019327009884;;0.745130984913732;0.0;;0.0;0.0;0.0;0.0;;;0.4344676214105881;0.8237051363582848;0.0;0.0;0.0;;;;4.74452923143181;0.0;;0.0;;0.0;;;;;6.824008791093367;0.3068163456841159;;;;;;0.0;;;;;;;;;;0.0;;;0.0;;;;;;
LG-K520;119.3979;50.42935203324548;25.05667294396197;2.648806870499936;3.274221978573578;0.0;17.27493665621238;1.8603337543062266;13.792835906470494;0.0;0.0;0.0;0.0;;;0.0;0.0;;0.0;0.0;0.0;0.0;;0.0;;;0.0;0.0;0.0;;0.0;0.0;0.0;0.0;1.4552762477521737;;0.0;0.0;0.0;;0.0;0.0;14.328292478093388;0.0;0.0;0.0;0.0;0.0;0.0;0.0;0.0;0.0;;0.0;;0.0;;0.0;0.0;;0.0;0.0;0.0;;;;0.0;0.0;;;;;;;0.0;;0.0;0.0;0.0;13.482488839351339;;;0.0;;;;;;;;;;;0.0;0.0;0.0;;;;;;;;;;;;;;;
GT-I9301I;476.8543;240.23896756357686;112.98740979455907;17.549861829980134;9.00979641842842;1.9249938821625765;6.893443736591498;67.42581666294456;5.495950979370602;23.220897942351773;6.24566585655011;;0.0;;0.0;0.8576555093187127;7.522036584558192;0.0;;0.0;0.0;9.684405322386032;;49.86813876245133;0.0;5.507657668318747;;1.5006557762032198;0.0;;;0.0;0.0;0.0;1.3949833485396594;0.0;;0.0;2.8683292919406864;;13.455744251522377;9.493594359046712;19.71407021831371;5.2569378741111095;6.352330886975686;5.197573423115423;0.0;76.1839266198017;4.160456880454503;0.0;;20.814734746601907;0.0;0.0;;1.556508494516078;;0.0;0.0;0.0;0.0;0.0;2.791762830383379;;;0.0;0.0;0.0;0.0;2.5439323603296873;0.7962765819528203;;;;0.0;;;;;0.0;;;;;;0.0;;;;1.9921653755775657;;0.0;;;;;;;;;;;;;;0.0;;;;;
SM-G130H;141.4575;11.488747898515253;68.84158296421211;0.0;3.4460218054184386;0.0;15.45323383429809;10.613680481078536;1.1401249940681517;0.3748502392513736;1.0625490367914538;0.28801639291860653;0.0;;0.0;;;;0.0;;;;;0.5176431972971537;0.0;0.0;;0.0;;;;0.0;0.0;;0.0;;;;0.0;;0.0;0.5367769796712388;4.0554968398063;0.0;0.0;0.0;0.0;0.0;0.0;0.0;;0.0;;0.0;;0.0;;0.0;;0.0;1.6734897388953345;0.0;0.0;;;0.0;0.0;0.10967771090127665;;0.0;0.0;;;;0.0;;;;;0.0;;;;;;0.0;;;;;;;;;;;;;;;;;;;;;;;;;
Lenovo A6010;83.8115;2.4088324144225046;35.260867221903816;3.8557417365451223;1.6101570008150028;0.31970238387493477;8.277270553910775;2.5409624024247464;5.481577939841866;0.056984236549997444;0.05276604478375875;0.0;;;;0.3181477038974613;19.13630507911356;;0.0;0.0;0.12224513587378694;0.05169357842392462;;0.033817124846903114;;;;0.0;0.0;;;0.0;0.0;;0.0;;0.0;0.0;0.07978887887787596;;0.925821289675347;1.3964367907359745;0.589919472818971;0.0;0.0;0.0;0.0;0.0;0.0;0.038665489487941594;0.20360184412631865;0.24063387979482218;;0.012047119846752743;;0.0024592808644069934;;0.4153893781353474;0.09692050029143635;;0.0;0.0;0.01844635645026562;;;;0.3186971002665399;0.0;;;0.0;;;;0.0;0.0;0.0;;;0.08187026250756743;;;;;;;0.0;;;;;;;;;0.0;;;;;;;;;;;;;;;
SM-N950F;453.0804;229.63887299680258;8.918371909917862;2.0455822879080126;11.301425927205123;17.7860265484358;7.932072560456346;0.0;0.08658945072559979;33.06824462059937;7.3552856766157335;0.0;0.0;0.0;0.0;;;;;;16.715117863962938;0.0;0.0;0.0;;;;0.0;0.0;;0.0;0.0;0.0;0.0;0.0;0.0;0.0;0.0;0.7868798618718017;;1.9530699688110447;0.05775424549407944;26.238759199442196;1.5744855703834646;15.769986885890717;8.722145838871993;0.0;55.49366131420869;0.0;0.0;0.0;0.0;0.0;;0.0;0.0;;0.0;0.0;0.0;;0.0;0.0;0.0;0.0;0.0;0.0;0.0;;0.0;;;;;;;;0.0;;;;;0.0;;;;;;;0.0;;;;;;;;;;;;;;;0.0;;;;;;
HUAWEI Y541-U02;45.9954;7.2215530262230985;0.0;0.0;0.0;0.0;0.5996836591827014;0.0;0.0;3.2960220839764647;0.7973319720660206;0.0;2.122510869950511;;;0.0;0.0;0.0;;0.0;0.0;0.0;;0.0;;;;0.0;;;;0.0;0.0;0.0;3.0172050976631284;;;0.0;0.0;;0.0;0.40445040210121913;0.0;0.0;0.0;2.107632766440757;0.0;0.0;0.0;0.0;;0.0;;0.0;;0.3978267861365031;;0.0;0.0;;0.0;0.0;0.0;0.0;;;0.0;0.0;;;0.0;;;;0.0;;;;;0.0;;;;;;0.0;;;;;;;;;;;;;;;;;;;;;;;;;
SM-C5000;167.8499;27.808846577254588;18.358922187553063;3.8306772397136477;0.29500455964730815;0.12616991292471771;3.8556288664981038;7.152652067200963;0.5876281060123685;16.644577061656957;0.020827790687780234;0.0;22.255658545520173;0.035918771870678066;0.0;0.06340830555372735;0.0;0.0;0.0;1.2510965939141974;2.076861088217114;0.0;0.48353569476297226;0.0;;;20.068648328921856;0.0;0.0;1.4955536808969328e-16;0.0;0.0;0.0;;0.039197472479581094;;0.008486726160473837;0.13310903857850087;0.14186937373931285;0.0;;0.8044629685038697;1.7466810644611028;0.0;0.38265205356283766;0.06822805486278267;1.2997126377831174;0.14919245600553294;0.0;0.0;0.0;4.442059513250956;0.0;2.7901753176348114;;0.5379643999837344;0.0;4.064798007573734;0.2843445812394741;6.007786356166738;1.0611343734867518;0.0;0.1381623442924247;0.0;0.0;0.40666169839088295;;0.15139669602019448;0.7427526582520493;;;;;;0.0;0.0;;0.20618403016207834;;;;;0.043456769391362414;;;;;;;0.0;;;;0.2831594069016143;0.0;;;;;;;;;;;;;;;;
SAMSUNG-SM-G935A;145.4303;43.51763504783707;4.9224151446011435;22.239716444589195;0.0;4.018538322533512;0.0;22.048366336469925;1.6125710590583253;5.290184556393884;7.297108328926371;;;0.0;0.0;0.0;0.0;0.0;0.0;0.0;0.0;0.0;0.0;;;;0.0;0.0;0.0;0.0;0.0;0.0;;;0.0;;0.0;0.0;0.0;0.0;0.0;1.510779445108326;0.0;0.0;0.0;1.4942960672869652;0.7602224888483323;0.0;0.0;0.0;0.0;0.0;0.0;0.0;0.0;;3.956413012607158;0.0;0.0;0.0;;0.0;0.0;0.0;0.0;0.0;0.0;;0.0;;;;;;0.0;0.0;;0.0;;0.0;;;;;;;;;;0.0;;;;0.0;0.0;;;;;;;;;;;;;;;;
SM-G900H;103.5178;18.430155368676495;21.00826099652038;3.9885683053630645;0.0;0.0;1.301289966374043;1.5427451245291068;0.0;7.903082737072639;0.0;0.0;1.4903178210590702;;0.0926301653127819;0.0;0.0;1.721252955249364;0.0;0.0;1.3186713566777277;2.3204594867962207;;0.0;0.0;0.757333785284852;0.0;0.0;0.0;0.0;0.0;0.0;;2.2139980517933613;0.0;;;0.0;0.0;0.0;0.0;0.0;0.0;0.0;0.5337735433639342;0.0;0.0;0.23085832266424222;0.0;0.0;0.0;0.0;0.0;10.800826728284305;;2.058004350957395;0.0;3.284675314019822;0.0;1.3825927176863717;1.1294505540595796;0.0;0.0;0.0;0.872498238942521;0.6013816137471873;1.7153138411786575;0.0;0.0;;0.0;;;;;;;;;0.37491826901521597;;;0.0;;;3.7780573667458928;;;0.2535071774974966;0.21259429400758714;;;;;;;;;;;;0.40634498282782955;;;;;;;;;
SM-N916L;69.1853;0.0;1.3699878796655267;0.0;0.0;0.0;0.0;0.0;0.0;2.6123009604631204;0.0;;0.0;;0.0;;0.0;0.0;2.063169162554055;0.0;0.0;0.0;;2.8959492568138963;;;0.0;0.0;0.0;0.0;0.0;;0.0;;0.0;0.0;0.0;8.408939571561875;0.0;0.0;;0.0;0.0;0.0;0.0;0.0;0.0;0.0;0.0;0.0;0.0;0.0;;;;0.0;0.0;;0.0;0.0;0.0;0.0;0.0;0.0;0.0;0.0;;;0.0;;;;;;;;;;;0.0;;;;;;;;;0.0;0.0;;;;;;;;;;;;;;;;;;;;;
SAMSUNG-SM-G925A;304.1173;53.244109796336616;6.946955974474362;72.87645259353481;8.546206775719735;0.0;0.923753359152383;84.48332021454452;2.1233640974463905;9.748866879335127;2.7089351084610596;;0.0;0.0;2.3606611717238417;0.0;0.0;0.0;0.0;0.0;0.0;0.0;0.0;0.0;;0.0;0.0;0.0;0.0;0.0;0.0;0.0;;0.0;0.0;0.0;0.0;0.0;1.0673047577864634;5.31195371991263;1.0981651820225324;7.342025577270596;4.730291651782048;0.0;1.8760174210823364;0.0;4.565717909355744;0.0;0.0;0.0;0.0;0.0;0.0;2.5580506520230033;0.0;0.0;0.0;0.0;0.0;3.596816359662792;0.0;0.0;1.8958107058296918;0.0;0.0;23.75833748029376;;0.0;31.824216764885477;;0.0;;;;;;;0.0;;0.0;;;0.0;;;;0.0;;0.0;0.0;;;;;0.0;;;;;;;;;;;0.0;;;;;
SM-N900T;217.1624;111.13854482573282;19.38293669688803;0.0;4.1312495656211;0.0;3.8607795569577057;36.00521725241764;20.43691027853484;2.7619415522074853;24.142996309627776;0.0;0.0;;0.0;0.0;0.0;0.0;;0.0;0.0;0.0;;0.0;;0.0;;0.0;0.0;;;0.0;0.0;;0.0;;0.0;0.0;0.0;;0.0;1.3203758888319217;0.0;0.0;0.0;0.0;0.0;0.0;0.0;0.0;9.285228424330967;0.0;0.0;0.0;;0.0;;0.0;0.0;0.0;0.0;0.0;0.0;0.0;0.0;0.0;;0.0;0.0;;0.0;;;;0.0;0.0;;;;18.382318211969366;;;0.0;;;0.0;;;0.0;0.0;;;;0.0;;;;;;;;0.0;;;;0.0;;;;;
SM-N920K;114.4946;0.0;8.4227804116466;4.794334761857002;0.0;0.0;1.8811369450675568;4.645070908662831;4.088266849317242;0.0;0.0;;;0.0;0.0;;;;0.0;;;;0.0;;;;;0.0;0.0;;;;;;;;0.0;0.0;4.367255534191122;0.0;0.0;0.005741652078766126;1.7078621577584323;0.0;0.0;0.0;0.0;0.0;0.02810208597909684;1.3978660157577967;0.0;0.0;;0.0;0.0;;;0.0;0.0;18.286165331101486;;0.0;;0.0;0.0;0.0;;;;;;;;;;;;0.0;;0.0;;;;;;;;;;0.0;;;;;0.0;;;;;;;;;;;;;;;;
GT-I9500;245.8769;128.80017283467689;16.041643434402665;4.106472799071746;21.993688317786624;0.0;2.034297307872796;1.2404268999587023;15.695926599738996;18.468058405404957;1.0430743469494346;0.0;0.0;;0.0;0.0;0.0;3.37975881000773;0.0;0.0;0.0;0.0;;0.2912436052966854;0.0;0.0;;0.0;;;;0.0;0.0;0.0;14.73063711869146;;;0.0;0.0;0.0;0.2260212400572645;21.50749005866364;5.03641941468279;0.0;0.0;0.0;0.0;0.0236452343001054;0.0;0.0;0.0;0.0;0.13463029253153716;0.0;;0.0117863149249988;;0.0;0.0;0.0;0.0;0.0;0.0;0.0;;0.0;0.0;0.0;0.0;;0.0;;0.0;;;0.0;;0.0;;0.0;;;0.0;0.0;0.0;0.15301460865687846;;0.0;0.0;0.16427734442203834;;;;;;;;;;;;;;;;;;;;;
ONE E1003;480.8065;257.62529416860167;39.881483878531846;40.6645964689716;10.880111649091406;21.99883071481013;41.94677221085656;53.17492982254808;11.50999580819378;63.56909467189076;40.61799609549971;0.0;0.0;;;0.0;0.0;7.078741288969199;;0.9582299687630448;4.774107936469228;0.0;;;;22.209103392065153;0.0;0.0;;;7.00209081783134;0.0;;0.0;0.2892121600010323;;7.377813322793237;0.0;0.0;;7.212225941550091;11.05868821624743;18.62157437621322;0.0;2.5365936868847623;0.0;0.0;0.0;0.0;0.0;0.0;0.9519948485834513;;0.7457638423915691;;;;7.969879706320012;0.8066401694928846;;;0.0;7.120808184183767;0.0;;;;0.0;1.1016751966463896;0.0;;;0.0;;0.0;0.0;0.0;0.0;0.0;6.122230479631398;;;;;;;;;;;;;;;;0.0;;;;;;;;;;;;;;;
SM-G903F;295.2306;186.13275822409742;1.2916772279082513;10.878306519367941;2.498898305895575;0.0;0.0;0.6889647287715719;0.0;40.42376173005961;22.55573644401007;;0.0;0.0;0.0;0.0;0.0;0.0;;0.0;0.0;0.0;0.4979796042797815;0.0;0.0;1.9786853252550405;0.0;0.0;0.0;0.0;0.0;0.0;0.0;0.0;0.0;0.0;0.790187044000267;0.0;4.631645081269357;0.0;14.76745950513294;0.0;17.280682028841948;5.052947227896203;1.6135730472442626;0.0;0.0;11.291743764890452;0.0;0.0;0.0;0.0;0.0;0.0;;0.0;0.0;0.0;0.0;3.4673104989131747;0.0;0.0;0.0;0.0;0.0;0.0;;0.0;2.194537032890161;42.560862848176214;0.0;0.0;;;;;;;;0.0;;;0.0;;;;;;0.0;0.0;;;;;;;;;;;;;;;;0.0;;;;;
SM-G900V;171.0063;77.21424654711866;9.372040069035968;3.110330673749591;0.3698738591970581;14.296834712379082;5.011502262713667;6.596126400299282;0.0;22.496214602998005;0.0;;0.0;0.0;0.0;6.411871504389754;0.0;0.0;0.0;0.0;0.0;0.0;;0.0;;0.0;0.0;0.0;0.0;0.0;0.0;0.0;;0.0;0.0;;0.0;0.0;0.0;0.0;0.0;0.24520304872934853;0.41116508791086215;0.0;0.0;0.862647230249399;4.784628056504536;0.0;0.0;0.0;0.0;1.0711506633669263;0.0;0.0;0.0;0.0;0.0;0.0;0.0;0.0;0.0;0.0;0.0;0.0;0.0;1.5832170156726726;;0.0;0.0;;0.0;;;;0.0;;;;;0.5014122609612899;;;0.0;;;;;;0.0;0.0;;;0.0;1.3478242731295118;;;0.0;1.6630771143165735;;;;0.0;;;;;;;;;
Lenovo A2020a40;129.4788;61.51519138626485;29.83800928903701;16.74649829988269;0.0;0.0;9.12442726600576;19.206930707604727;3.7097347412319146;17.658577699049392;0.24014325774966247;0.0;;;;0.0;0.0;0.0;0.0;0.0;0.0;0.0;;2.392203062356402;;;;0.0;0.308798519924095;;;0.0;;;0.0;;0.0;0.0;2.1684791354890463;;2.9349935785412717;1.1925775176721858;1.2972504468016355;0.0;0.0;1.5679962800035305;0.0;0.0;0.0;0.0;0.0;0.0;;2.437730449019953;;0.0;;0.0;0.0;;0.0;;0.0;5.214250653990165;;;0.0;0.0;;;0.0;0.0;;;0.0;0.0;0.0;;;0.0;;;;;;;;;;;;;;;;0.0;;;;;;;;;;;;;;;
GT-N7100;249.2473;127.82332160119459;12.6574118994896;2.574656241107527;20.374460110230967;0.0;3.923430852137334;10.305590002108062;7.060084320314271;11.9257503311762;0.0;;0.0;;0.0;16.92475500468417;0.0;0.0;;0.0;0.0;0.0;;57.591715930968945;;0.0;;0.0;0.0;;0.0;0.0;0.0;0.387021048175402;6.4248463927523485;;0.0;0.41270875422925385;6.115486410027644;;0.0;1.8869628649654304;6.74880526453209;0.0;0.0;1.1233201174884464;0.0;16.487623927199895;0.0;0.0;0.0;0.0;0.0;7.418888195908645;;0.2613539851165839;;0.0;0.0;0.0;0.0;0.0;0.0;0.0;0.0;0.0;8.829430503361232;0.0;0.0;0.0;0.0;;3.952305758850584;;;0.0;;0.0;;0.7588515057874986;;;;;0.0;0.0;;;;0.0;;;;;;;;;;;;;;0.0;;;0.0;;;;
LG-TP260;234.2365;63.963372677869614;19.713832483996974;1.6969224070266817;3.0547671178875824;0.0;1.553357837369229;6.775600765649337;0.0;0.0;0.0;;;;;0.0;0.0;;0.0;0.0;0.0;0.0;;;;0.0;;0.0;0.0;;0.0;0.0;;;0.0;;0.0;0.9344488411092521;1.9819641031649182;;0.0;0.0;0.19207618049979985;0.0;0.0;0.0;0.0;0.0;0.0;10.357378165114072;0.0;0.0;;1.284927100447333;;;;0.99741188677545;0.0;;;0.0;27.31941273075625;;;;;0.0;;;;;;;0.0;;0.0;0.0;0.0;0.0;;;0.0;;;;;;;;;;;0.0;0.0;;;;;;;;;;;;;;;;
GT-I9060;468.0038;308.6836154948652;34.135793370026406;47.25753527503006;20.225984469927692;31.966234278805537;20.42675598644179;75.41794719243117;33.955292873004446;161.3728080360665;8.84649742853913;0.0;0.0;;0.0;0.0;3.1684396669661266;0.0;;0.0;0.0;18.498635754426285;;0.0;;0.9735253327748536;;0.0;;;;0.0;0.0;0.0;0.0;;;5.100541785928758;0.0;;48.527161485430206;2.5412165820541577;17.163491058011484;5.544903598102281;0.0;2.7003285454664367;0.0;0.0;0.0;0.0;0.0;1.9916466132517805;;16.080329022263523;;0.0;;1.1644686434927434;0.0;0.0;0.0;0.0;0.514588871797634;0.0;;4.420152050029322;0.0;0.0;;2.9925163597136613;4.065849402398101;;;;;;;;;1.0864825392412685;;;;0.0;;;;;;;;;;;;;;;;;;;;;;0.0;;;;;
ASUS_Z007;124.90099999999998;21.60700115236235;41.01050018878365;19.462900440085622;0.0;0.0;3.435269153285827;30.915281661286944;11.068423244705425;1.4724399565135105;0.0;0.0;0.0;;;0.0;;0.0;;0.0;0.0;0.0;;0.0;;;;0.0;;;;0.0;;0.0;0.0;;;0.0;0.0;;0.0;0.0;0.0;0.0;0.0;0.0;0.0;0.0;0.0;0.0;;0.0;0.0;0.0;;0.0;;0.0;0.0;;0.0;0.0;0.0;0.0;;;0.0;0.0;;;0.0;;;;0.0;;;;;0.0;;;;;;0.0;;0.0;;;;0.0;;;;;;;;;;;;;;;;;;;
Lenovo A6000;145.9281;56.059138835447236;19.859617249122486;1.8252351277823422;1.404580498658281;0.0;4.466296945995947;1.4321364151253266;0.04032266780588326;0.0;5.896827493433957;0.0;;;;0.011952572735132058;0.0;;0.0;0.0;0.10579313040112652;4.865648560890837;;1.260144676169283;;;0.0;0.41011346349338157;0.0;;;0.0;;0.0;3.2918224770060682;;0.0;0.0;2.7321646115039044;;0.54685312290243;4.985899669675673;1.6475536842462166;0.0;0.44274355132025994;2.319877358529937;0.0;0.0;22.579455490462408;0.0;0.17406765003547636;2.7381741742695733;;1.2574895054277808;;0.8526354688998942;;0.007262562566874889;0.04687350876145035;;1.571849332696598;3.4207946145711934;0.5929695829074967;0.0;;;0.4823402479950049;0.05542892812879521;;;0.0;;;;2.236324505439812;0.5072620461427104;0.0;;;0.0;;;;;;;0.016058507190029728;;;;;;;;;0.0;;0.0;;;;;;;;;;;;;
SM-G610M;322.5587;78.11134691009103;8.599234476520813;0.0;25.839400153007013;0.0;0.0;3.363897680236339;6.529366160487557;12.472826722959578;1.4854231483910034;0.0;0.0;0.0;0.9727511288884478;;;;0.0;0.0;0.0;6.516799706882299;0.0;0.0;;0.0;0.0;0.0;0.0;0.0;0.0;0.0;0.0;0.0;7.31749284894973;0.0;0.0;0.0;0.8900922189075545;0.0;5.394911862699155;0.0;0.14322580703796656;0.0;3.4740262266265263;0.0;0.0;0.0;0.0;25.929246441653778;0.0;0.0;0.0;1.6066146753241335;0.0;0.0;0.0;0.0;0.0;15.805228032876915;0.0;0.0;0.9657083504020441;;0.0;1.2660447593251647;;0.0;3.2426424704703147;0.0;;;;;;;;26.552958607342735;;0.0;;;0.0;;;;;;;0.0;;;;;0.0;;;;;;;;;;;;;;;;
LGMP260;282.6581;109.04258977935794;10.36434620797789;0.0;11.458443069285895;0.0;13.810832834973011;0.07833510070373356;0.0;0.0;7.138926482311596;0.0;0.0;;;0.0;0.0;;0.0;0.0;0.7656933452671458;12.490976861007157;;0.0;;0.0;;0.0;;;0.0;;;0.0;0.28081432000499984;;0.805725851599777;1.0824337545278921;0.0;;0.0;0.0;21.101728351638005;0.0;0.0;4.083519132493429;0.9642659651803888;0.0;0.0;0.0;0.0;8.532607137104126;;19.408767238722447;;0.0;;4.1152716789060415;0.0;;0.0;0.0;0.0;;;;;0.0;0.0;;;;;;0.0;;0.0;0.0;0.0;;;;0.0;;;;;;;;;;;0.0;0.0;0.0;;;;;;;;;;;;;;;
SM-G928F;175.6155;28.184839238175407;5.918465250943106;3.71520255274187;1.5484400328670942;1.3673538316109226;0.0;21.086760876457333;0.0;0.7799777480649207;0.0;0.0;0.0;0.0;0.0;0.0;0.0;0.0;0.0;0.0;0.0;0.0;2.9876102186574416;0.0;;0.0;0.0;0.0;0.0;0.0;0.0;0.0;0.0;0.0;0.0;0.0;0.0;0.49059567344576654;0.0;0.0;3.4230096590887347;0.0;7.792706122681775;0.0;0.0;3.179665022938033;24.444272288524566;0.0;0.0;0.0;0.0;0.0;0.0;19.93899370324341;0.0;0.0;0.0;0.0;0.0;0.0;0.0;0.0;0.0;0.0;0.0;0.0;;0.0;0.0;0.0;;;;;0.0;;;0.0;;0.0;;;0.0;;;;;;;0.0;;;;0.0;0.0;;;;;;;;;;;;;;;;
SM-J700F;369.3242;208.7105968878171;14.657211699948437;0.0;0.0;0.34836690153124816;0.0;4.115485385431543;2.9054686200411917;67.48164032919472;0.0;0.0;0.12235396550116423;0.0;0.9019142314327319;0.0;0.0;0.0;0.0;0.0;0.0;18.02349589837265;0.0;0.5146840598288391;0.0;;0.0;0.0;0.0;0.0;0.0;0.0;0.0;0.0;1.1057914567093265;0.0;0.0;0.0;0.0;0.0;13.814113589146526;0.0;3.437383999863489;0.0;0.0;0.0;0.03896754100155934;0.0;0.0;0.0;1.9891657529692128;0.0;4.792282426929893;0.0;0.0;2.74851825623962;0.0;0.0;0.0;0.0;0.0;0.0;0.0;0.0;0.0;0.0;0.0;0.0;;0.0;0.0;0.27029856884280345;;;;;;;;0.0;;;0.0;;;;;;0.0;0.0;;;;;;;;;0.0;;;;;;;;;0.0;;;
VS501;128.4816;11.850783422870249;8.910992660001154;8.743331881046737;0.0;0.0;15.196286405101846;0.5104470657924163;0.0;0.0;3.177279076265098;;;;;0.0;0.0;;0.0;0.0;0.0;0.0;;;;;;0.0;;;0.0;;;;0.0;;0.0;0.0;0.0;;0.0;0.0;0.0;0.0;0.0;0.0;0.0;0.0;0.0;0.0;0.0;2.8122389018346863;;0.0;;0.0;;0.0;0.0;;0.0;0.0;0.0;;;;;0.0;0.0;;;;;;0.0;;0.0;0.0;0.0;0.34128130719174166;;;0.0;;;;;;;;;;;0.0;0.0;;;;;;;;;;;;;;;;
GT-I8200;160.212;73.52586132791482;15.423066076999035;9.745039542524486;0.0;0.0;0.0;14.516103914073371;4.699893561164222;20.034004913348834;1.0137445789170536;;0.0;;0.0;0.0;0.0;0.0;;0.0;0.0;0.0;;0.0;0.0;0.0;0.0;0.0;;;;0.0;;0.0;0.0;;;0.0;0.0;;0.0;0.0;0.0;1.084701721873407;0.0;0.0;0.0;0.0;0.0;0.0;;0.0;;3.7022647835669495;;0.0;;0.0;0.0;0.0;0.0;0.0;0.0;0.0;;0.0;;0.0;;;0.0;;;;0.0;;;;;0.6499746287978866;;;;0.0;;;;;;;;;;;;;;;;;;;;;;;;;;;
SM-J111F;246.2029;69.11337692698213;0.0;12.840851969468128;4.26279201772372;26.305103890905784;0.4840889972878692;6.00269474068947;0.0;47.70319220584761;2.064076325830463;0.0;1.3523804284619343;;0.0;0.0;0.0;;0.0;0.0;0.0;2.228161027939017;;0.5634173628663226;0.0;;;0.0;0.0;;0.33248008861324113;0.0;0.0;;0.23191331182954428;0.0;0.0;0.0;0.35245993676986703;;7.725950738615601;0.3752315358457337;1.562137295140447;0.0;0.0;0.0;0.0;0.0;0.0;0.0;0.0;0.0;0.0;0.0;;0.0;;4.5044948599239225;0.0;0.0;0.0;;0.0;0.0;0.0;0.0;0.0;0.0;;;0.0;0.0;;;;;;;;0.0;;;0.0;;;;;;0.0;;;;;;;;;;;;;;;;;0.0;;;0.0;;
SM-G610F;470.0878;143.3580575267224;15.937369786048372;10.791406653305454;16.070264406493873;7.276167957005454;0.48204336593001934;22.502018145089764;5.8965748967059515;22.374054096279117;0.0;0.8933549946157313;0.0;0.0;0.0;0.0;0.0;0.0;0.0;0.0;0.0;37.33682052049611;0.0;0.0;;0.7865389062020538;0.0;0.0;0.0;0.0;0.0;0.0;;0.0;0.0;0.0;4.549057529942184;0.0;0.0;0.0;0.0;22.728459567360492;3.6953937039357143;0.0;0.0;0.0;0.0;0.0;0.0;0.0;0.0;0.0;0.0;0.0;0.0;0.0;0.0;0.0;0.0;0.0;0.0;0.0;0.0;0.0;0.0;0.0;0.0;0.0;0.0;0.0;;;;;;0.0;;0.0;;;;;0.0;;;;;;;0.0;;;;0.0;0.0;;;;;;;;;;;;;;;;
QMobile i2 PRO;55.0797;43.36458348533516;18.292271255929446;0.0;1.8471289202475338;0.0;0.0;0.0;0.886463964759471;11.948166739019891;0.0;0.0;0.0;;;0.0;0.0;0.0;;0.0;0.0;0.0;;0.0;;;;0.0;;;;0.0;0.0;;0.0;;;0.0;0.0;;2.1784709713804897;0.0;0.0;0.0;0.0;0.0;0.0;0.0;0.0;0.0;0.0;0.0;;0.0;;0.0;;0.0;0.0;;0.0;0.0;0.0;0.0;;;;0.0;;;0.0;;;;0.0;0.0;;;;0.0;;0.0;;;;;;;;;;;;;;;;;;;;;;;;;;;;;
SM-G531H;511.7858;253.59293543843594;30.792326160072406;12.085554636697271;18.58267712746665;0.0;2.4279828006840587;69.71691854766574;16.57768427534315;26.67886660493749;4.7609978836524585;0.0;0.0;;0.0;0.0;0.0;;0.0;0.0;0.0;0.0;;0.0;0.0;0.0;;0.0;0.0;;0.0;0.0;0.0;0.0;0.0;0.0;;0.0;0.0;;0.0;8.542977622665207;7.865226476963458;0.0;0.0;0.0;0.0;0.0;0.0;0.0;0.0;0.0;;0.0;;0.0;;0.0;0.0;0.0;0.0;0.0;0.0;0.0;0.0;0.0;4.464614706387066;0.0;;;0.0;0.0;;;0.0;;;;;0.0;;;0.0;;;;;;0.0;;;;;;;;;;;;;;;;;0.0;;;;;
GT-I9192;650.0197;387.803013401676;120.4105341034707;27.010700370512314;1.9740754383488577;15.68295850734321;136.92611691560745;133.57207738153977;4.388699803282144;4.746341386134177;55.69590625251644;0.0;4.3292615618256765;;3.118411736386799;0.0;0.4344298192007548;0.0;;0.9895469239440814;0.0;0.7614420546184902;;0.918737922241705;0.0;18.25546151690774;0.0;0.0;;;;1.519117742544137;0.0;0.0;0.0;;;0.8965818343004397;4.717081370557914;;41.35741479522054;1.7428471348956351;15.856272874351724;0.0;0.8840187884871386;9.183436487644844;0.0;0.0;7.3299153953659335;0.0;0.0;7.769889565391802;0.6476763985067931;0.0;;0.36593978890296014;;0.03622421120506199;0.26661090792339576;0.0;0.5562237818539136;0.023405434611481382;1.6429844836724063;0.0;;0.11689685674916361;;0.0;;0.0;6.443309022840475;;;;0.0;0.0;;;;1.027549305583409;;;;0.0;;0.04703842072692974;;;;0.0;;;;;;;;;;;;;;;;;;;;;
MS45S;103.6265;84.49616786968997;16.99378667211842;2.3651787600499614;0.0;0.0;27.48900101138219;0.0;10.03891104179457;3.0586126056936513;0.0;0.0;0.0;;;;;0.0;;0.0;0.0;0.0;;;;0.0;;0.0;;;;;;;0.0;;;0.0;0.0;;0.0;0.32138745878616515;6.4650436920324825;0.0;0.0;0.0;0.0;0.0;3.01639535325239;0.0;0.0;7.943290949400302;;0.0;;0.0;;0.0;0.0;;0.0;;0.0;;;;;0.0;;0.0;0.0;;;;0.0;0.0;;;;0.0;;0.0;;;;;;;;;;;;;;;;;;;;;;;;;;;;;
SM-S727VL;292.414;73.79421958722321;0.3073874719746469;7.0490514634899695;21.344367923910756;5.8756873931240445;0.0;1.5663403437346777;0.0;4.5810401985841995;4.336759973540136;;;0.0;0.0;0.6964004516397895;0.0;0.0;0.0;0.0;0.0;;4.420625534740949;;;0.0;0.0;0.0;0.0;0.0;0.0;;;;;;20.63370724811135;0.0;0.0;0.0;0.0;0.5936331019223285;0.8231717573129549;0.0;0.0;0.5548099282288874;0.0;0.0;0.0;0.0;5.0978631421506275;10.766402197600215;0.0;;0.0;0.0;0.0;0.6792894213667386;0.0;1.7794002475257773;0.0;0.0;0.0;0.0;0.0;0.0;;;;;;;;;;;;;;;;;;;;;;;;0.0;;;0.0;0.0;;;0.0;;;;;;;;;0.0;;;;;
SM-J200H;533.5085;551.4231879560822;58.45705853093372;0.0;29.932570035806247;32.81768564736006;21.69245821158429;20.62710789178946;4.174881855836624;65.37795583782246;0.0;0.0;0.0;;4.893825731005112;0.0;0.0;;0.0;0.0;4.557859099179685;0.0;;139.67781672024014;0.0;;;0.0;0.0;;0.0;0.0;;;0.0;;;25.41534428201509;29.62479806535739;;0.0;1.2493537353941995;37.03560307790357;0.0;0.0;0.0;0.0;0.0;0.0;0.0;;0.0;;0.0;;0.0;;0.0;0.0;0.0;0.0;;11.15819774580427;0.0;0.0;0.0;;0.0;;;0.0;0.0;;;0.0;;;;;2.6380899937022204;;;0.0;;;;;;0.0;;;;;;;;;;;;;;;;;;;;;;
GT-I9300;316.9745;172.33320760719297;42.47061416795419;2.0494980247123786;15.053105291055227;0.0;26.919940108806347;43.92224421587133;11.351634606910329;11.65625588447246;72.57727932683122;;0.0;;0.0;1.819311834623649;0.0;0.0;;0.0;0.0;0.0;;0.0;0.0;0.0;0.0;0.0;0.0;;0.0;0.0;0.0;0.0;0.0;;;0.0;1.8490623636942263;;0.0;12.03732035277023;79.59349324078431;0.0;0.0;0.0;0.0;0.0;0.0;0.0;0.0;0.0;0.0;0.0;;0.0;;0.0;0.0;0.0;0.0;0.0;0.0;0.0;0.6194804989447789;0.0;0.0;0.0;;0.0;0.0;;;;0.0;0.0;;;;0.0;;;;;0.0;0.0;;;;0.0;;;;;;;;0.0;;;;;;0.0;;;;;;;
ASUS_Z00RD;136.9456;55.83606692230524;9.367564064081849;6.565192751393898;0.43609559960588246;10.457859806838327;2.7444504620047607;8.149677156283905;0.0;2.843916383592749;0.04984357021672005;0.0;0.0;;;;;;0.0;;0.0;0.0;;0.6973208562230819;;;0.0;0.0;0.0;;;0.0;;0.0;10.132061509576813;;;0.0;0.0;;0.48569807971238316;0.0;14.465002283885111;0.0;0.502081098670794;4.970600862961649;0.0;0.0;0.0;0.018187177597227662;19.972511959921185;0.0;;0.0;;0.0;;1.9814046966696737;13.761593621260094;;0.0;0.0;0.0;0.0;;;0.0;0.0;;;0.0;;;;0.0;0.0;0.0;;0.0;0.0;;;;;;;0.0;;;;;;;;;;;;;;;;;;;;;;;;
LG-M153;165.5488;56.60795053414017;40.25101727827225;10.124005170745262;0.0;6.426176817380676;0.0;0.0;0.7328597916624375;0.0;0.0;0.0;0.0;;;12.96989733968477;0.0;;0.0;0.0;0.0;0.852140728123398;;45.20049918033663;;5.051174077785388;0.0;0.0;;;0.0;3.0134624255284805;0.0;;2.656200469681067;;0.0;0.0;0.0;;0.0;0.0;6.680498199238476;0.0;1.3331035169749987;0.0;0.0;0.0;0.0;0.0;0.0;0.0;;0.0;;0.0;;0.0;0.0;;0.0;0.0;0.0;;;;;;;;;;;;0.0;;0.0;;0.0;0.0;;;0.0;;;;;;;;;0.0;;0.0;;0.0;;;;;;;;;;;;;;;
SM-G950F;376.252;158.12960648208613;0.6094507152424485;7.83698778648943;0.0;3.9236956475524645;2.8160932501522;1.3304389474491052;0.0;37.500078485892914;0.0;0.0;0.0;0.0;0.0;;5.4909183183600465;;0.0;16.97629790646278;9.258089125096776;10.845853420720438;1.8511611999610424;;;;0.0;0.0;0.4287911336354319;0.0;0.0;0.0;0.0;0.0;0.0;0.0;2.170038100741544;0.0;0.0;0.0;0.0;0.0;0.0;4.223349594556684;0.4221361592046002;5.115987831791254;1.9508088324367823;21.687807928274964;0.0;0.0;0.0;0.0;0.0;0.0;0.0;24.79107570652278;0.0;;1.1074476316481197;0.0;0.0;0.0;0.45508856730798963;6.8734596106598636;0.0;0.0;0.0;0.0;0.0;0.0;0.0;;;;;;;0.0;;0.0;;;0.0;;;;;;;0.0;;;;;0.0;;;;;;;;;;;;;;;;
HTC 10;236.612;116.9732175546408;16.633089143501632;2.6131138699010066;0.0;0.0;12.18449697367655;30.593248101223253;0.041951692706664545;18.96769774990512;5.044385117619918;;;;;;;0.0;;;0.0;0.0;;;;0.0;;1.1261938356466241;0.0;;0.0;0.0;0.0;;0.0;;0.0;0.0;0.0;;0.0;1.169351021833364;0.0;0.0;0.0;0.0;0.8181837353730902;0.0;0.0;;0.0;0.0;0.0;0.0;;;;14.02113984340526;0.0;;;0.0;0.46778238614652107;;;;;0.0;0.0;0.0;;;0.0;;0.0;0.0;;0.0;0.0;;;;;;;;;;;;;;;;14.509919517230045;0.0;;;;;;;;;;;;;;;
SM-J250F;237.4792;22.993196857096436;0.0;19.132706258046447;1.5434177367121147;3.3642310414250627;0.0;0.0;0.0;0.023446979658364536;0.21832322943732688;0.0;0.0;0.0;0.0;0.03674701649606673;12.33818130293638;;1.0645554518399836;0.0;0.0;0.0;1.3953809662930239;0.0;0.0;0.4124799194245431;;0.0;0.0;;0.0;0.0;0.0;0.0;0.0;;0.0;0.0;0.0;;0.0;0.8525210001747202;1.0520349732972292;0.0;0.0;0.0;0.0;0.0;0.0;1.9677737207287687;0.0;0.3014991739988573;;0.0;0.0;0.0;;0.11389629004855979;1.0099325387685776;1.7919660133697781;0.0;2.427577798630556;0.0;2.8509043966924588;0.0;0.0;0.0;0.0;;;;;;;0.0;;;0.0;;0.0;;;1.0746275563323089;;;;;;;0.0;;;;0.0;;;;;;;;;;;0.0;;;;;;
SM-J105B;439.51;291.4583680808105;5.694387893229928;4.038918045105661;18.213592887191773;1.4643143934016931;2.2135064259651682;49.007983830850655;6.482924449698403;6.382980303827647;2.3931670843866404;1.8193869322850131;3.7120024068827813;;1.9024354396989511;3.0191450170660965;6.004170115575246;;0.0;3.405679017084543;1.3107023212285733;19.235438154089536;;2.153736346275455;0.0;2.089412394100779;;0.0;;;0.0;4.12723169472864;0.0;;54.55885981786499;;;1.169917558365825;0.9407611935563771;;0.9698991698468901;2.24725606136142;0.4172397173003298;0.0;14.43131628699438;3.1457023357664786;0.0;0.0;0.0;0.0;0.0;0.2392521403914977;0.0;16.894577897633916;;0.0;;3.522270022240937;0.0;9.415475279515467;8.51982584846978;0.0;0.9764197522611692;4.75507640787219;0.0;0.9018193577644362;0.0;0.0;;6.964748903585118;0.0;0.0;;;0.0;;;;;0.3099445282915959;;;1.576284349566068;;;;;;0.0;;;;;;;;;;;;;;;;;0.0;;;;;
SM-J700M;300.0447;124.28795279789264;54.27659563294378;0.0;18.94007873000973;0.0;0.6290694616860271;0.0;25.875118550594127;0.0;0.0;0.0;0.0;2.188023444982255;0.0;0.0;0.0;0.0;0.0;0.0;0.0;0.0;0.0;0.0;0.0;0.0;0.0;0.0;0.0;0.0;0.0;0.0;0.0;0.0;1.7901196112218407;0.0;0.0;0.0;0.0;0.0;0.0;7.462226473930967;0.0;0.0;0.0;0.0;0.0;0.0;0.0;0.0;0.0;0.0;0.0;0.0;0.0;0.0;0.0;0.0;0.0;0.0;0.0;0.0;11.144963842945048;0.0;0.0;1.2505732290199887;;0.0;;0.0;0.0;0.0;;;;;;;;0.0;;;0.0;;;;;;0.0;0.0;;;;;;;;;;;;;;;;0.0;;;;;
SM-G920V;146.1134;50.6804877990507;0.5954210173424364;2.1769931101997018;0.0;0.0;0.0;14.48383097163715;0.0;6.163280342881915;0.0;;0.0;0.0;0.0;0.0;0.0;0.0;0.0;9.81422330625787;0.0;2.4659867545769774;8.303985526988816;0.0;;0.0;0.0;0.0;0.0;1.9841852702492055;0.0;0.0;;0.0;0.0;;0.0;0.0;0.0;0.0;0.0;0.0;2.81686978702612;0.0;0.0;6.46781015443167;0.0;0.0;0.0;0.0;7.6652370763059166;0.0;0.0;0.0;0.8166819794080064;0.0;0.0;0.0;0.8992361622805978;0.0;0.0;1.4212726427335516;0.0;0.0;0.0;3.9161867533714676;0.0;0.0;5.674616938973868;;0.0;0.0;;;0.0;;;0.0;;0.0;;;0.0;;;;;;0.0;0.0;;;0.0;0.0;0.0;;0.0;;;;;;;;;;;;;;
LG-K430;284.9076;167.93164459203103;52.45898642893706;6.292162380629145;13.80943244220769;10.209920457020605;0.0;30.86837397566587;2.2237786045401875;10.075108562379045;4.1315672638175;0.0;4.549122369248543;;;0.0;0.0;;2.387974558447758;7.092128304915746;0.0;0.8255879547852101;;4.8735870604751845;;7.455211969017005;;0.0;;;0.0;0.7902159480956822;1.517510750690339;2.093422293942741;0.0;;4.026582001879813;0.6815170895512153;0.9646163467339793;;8.107031196029372;1.6276837401813853;2.241509344564877;0.0;2.6448132651388865;2.749527578273304;0.0;0.0;0.0;0.0;0.0;0.0;;0.851520280872669;;7.584313318522327;;0.30241986877361676;10.463343790760524;;0.0;0.27079817492731756;2.0545244124974094;;;;4.9926494271490105;0.0;;0.0;;;;;0.0;;;;;4.086463808177301;;;0.0;;;;;;;;;0.0;;;;;;;;;0.0;;;;;;;;;;
Andromax A16C3H;72.5364;10.136355682920149;24.121058730585165;11.740962933859867;0.0;0.0;8.323521513882085;6.0214627449188916;0.1242541214521812;0.0;0.0;0.0;0.0;;;0.0;0.0;0.0;0.0;0.0;0.0;0.0;;0.0;;;;0.0;0.0;;;0.0;;;0.0;;0.0;0.0;0.0;;0.0;0.4179509504591512;2.077590592262752;0.0;0.0;0.0;0.0;0.0;0.0;0.0;0.0;0.0;;0.0;;0.0;;0.0;0.0;;0.0;0.0;0.0;0.0;;;0.0;0.0;;;0.0;0.0;;;0.0;0.0;0.0;;;0.0;;;;;;;;;;;;0.0;;0.6839115245947525;;0.0;;;;;;;;;;;;;;;
SM-G900F;170.8083;75.27071732519363;13.396517343780513;0.1668711635441537;0.0;0.0;1.3314444071996636;16.059683041729716;5.2054727620849786;0.0;2.699524026664189;0.0;0.0;6.752801577671665;0.0;0.0;0.0;0.0;0.0;0.0;0.0;0.0;;0.0;;1.0117193304881091;0.0;0.0;0.0;0.0;0.0;0.0;0.0;0.0;0.0;0.0;0.0;0.0;0.0;0.0;0.0;0.7789778387041434;9.370870549378283;0.0;0.0;0.0;0.0;1.7051895672535113;0.0;0.0;0.0;0.0;0.0;0.0;;0.0;0.0;0.0;0.0;0.0;0.0;0.0;0.0;0.0;0.0;0.0;0.0;0.0;0.0;6.996638174159214;0.0;;0.0;;0.0;0.0;;0.0;;0.0;;;0.0;;;0.0;;0.0;0.0;0.0;;;;0.0;;;;;;;;0.0;;;;0.0;;;;;
LM-X210;138.7175;15.078098553688509;29.10085977381118;2.3234249433557963;2.230386175857373;0.0;14.044574384526321;6.683960947411598;0.6692133196565194;2.4928762391306982;2.578020119352931;0.0;0.0;;;0.0;0.0;;0.0;0.0;0.0;0.0;;0.0;;0.0;;0.0;;;0.0;0.0;0.0;0.0;0.0;;0.0;0.0;0.8904064775758079;;0.0;1.0601093464237736;4.3003110250538015;0.0;0.0;0.0;2.130625509132251;0.0;0.0;0.0;0.1494375870572097;0.0;;0.0;;0.0;;0.15044092319005248;0.0;;0.0;0.0;0.0;;;;0.0;0.0;;;;;0.0;;0.0;;0.0;0.0;0.0;0.5067788993730623;;;0.0;;;;;;;;0.0;;;0.0;;0.0;;;;;;;;;;;;;;;
A75;32.364;3.7692095999998454;0.0;0.0;0.0;0.0;0.0;0.0;0.0;0.0;0.0;0.0;0.0;;;;;;0.0;;0.0;0.0;;0.0;;;;0.0;;;;0.0;0.0;;0.0;;;0.0;0.0;;0.0;0.0;0.0;0.0;0.0;0.0;0.0;0.0;0.0;0.0;0.0;0.0;;0.0;;0.0;;0.0;0.0;;0.0;0.0;0.0;0.0;;;0.0;0.0;;;0.0;;;;0.0;0.0;;;;0.0;;0.0;;;;;;;;;;;;;;;;;;;;;;;;;;;;;
SM-G532MT;449.2949;444.32555930158094;35.10843085991235;15.113408755284304;19.14832683900692;78.63289242875922;12.688751046552145;37.1363628826432;4.683621828125461;6.526262827472573;29.002189876099123;0.0;0.0;0.0;0.0;;;;0.0;0.5075421785451606;1.453913410006476;91.83333003433768;4.269452058171486;3.35193562618696;0.0;3.49776143042563;0.0;0.0;0.0;0.0;0.0;0.0;0.0;0.0;0.0;0.7451717713980996;0.0;1.1408483181775408;32.08277382117549;0.8108079486352072;23.397530574307854;7.59786174462326;9.42304665473492;0.0;8.753598363951177;2.017100660522032;28.835068394124583;0.0;3.447375125396061;0.0;1.454994910631423;1.3073750164381104;0.0;56.546314284992604;0.0;1.7835653715096647;0.0;6.396438331479466;2.7677327876884306;3.204402749762321;99.24851920450863;0.0;2.4980686840122144;;0.0;13.866546832473189;;0.0;;0.0;;;;;;;;;;;;;;;;;;;;;;;;;;;;;;;;;;;;;;;;;
SM-G930F;464.6202;319.1328213642978;22.23735551994455;0.0;53.01549707087333;5.353384959800317;5.213761813971816;24.890298125469535;0.0;78.94207696777957;0.0;0.0;;1.0417184560981185;0.0;0.0;0.0;0.0;;0.0;105.43967473817291;0.0;46.14485228595536;;;2.3986055150867087;0.0;0.0;0.0;0.0;0.0;0.0;0.0;0.0;1.9571152411232728;0.0;3.6235097940404724;0.0;0.0;0.0;0.0;0.0;0.0;0.0;0.0;10.858790512733446;15.039506138877934;3.4328639739915574;0.0;0.0;0.0;0.0;0.0;6.577349489323147;0.0;0.0;0.0;0.0;0.0;21.444916096005244;0.0;0.0;0.0;0.0;0.0;3.189909116182526;0.0;0.0;13.85070747364994;0.0;;;;;;;;0.0;;1.832266632806425;;;0.0;;;;;;;0.0;;;;;0.0;;;;;;;;;;;;;;;;
SM-G532G;309.8774;139.0781800793235;14.209191817364731;21.88978113160114;6.393348209493456;5.37634984857786;0.0;19.863102654311792;0.0;42.87913797871018;0.0;1.5017035453466412;0.0;0.0;0.0;1.864760071770714;0.0;0.0;0.0;0.0;0.43727821708213077;1.0864493367507642;0.0;0.0;0.0;;0.0;0.0;0.0;0.0;1.0454209177359615;0.0;0.0;0.0;0.0;1.1093059862323773;3.8186599779837738;0.0;1.0911094849795564;0.0;0.0;0.41147985131631176;0.0;0.0;0.0;0.0;3.7154486859416145;0.0;0.0;0.0;3.0878192090046066;0.0;0.0;1.3953103354729377;0.0;5.133329240852285;0.0;1.9552139122078942;0.0;0.0;0.0;0.0;2.5449811405827436;0.0;0.0;6.281824274066586;9.214560374565274;0.0;;;;;;;;;;;;0.0;;;;;;;;;;;;;;;;;;;;;;;;;;;;;;;
A0001;353.537;201.31370120738913;0.6118016075160434;7.880575481382417;0.0;0.0;0.31440313889392346;92.10831992685372;0.12752228415864594;7.363957043339298;0.0;0.0;0.0;;;0.0;0.0;0.0;;0.0;0.0;7.262135002939454;;0.0;;0.0;0.0;0.0;;;0.0;0.30344961526490705;0.0;0.0;0.0;0.0;0.0;0.6879958208210851;0.0;;0.0;0.0;30.550079693389172;0.0;2.823609916734978;18.076011856886126;0.0;5.136953565787669;0.0;0.0;0.0;0.0;0.0;66.0100624124828;;;;0.0;0.0;;;0.0;1.3921021011889234;0.0;;;;0.0;4.45341675545801;0.0;0.0;0.0;0.0;;0.0;0.0;0.0;0.0;0.0;0.0;;;;;;;0.0;;;;;;;;;0.0;;0.0;;;;;;;;0.0;;;;;
SM-N910C;153.2714;39.875408572916086;18.984019879924222;26.593841350791163;0.581602478330623;0.0;0.811401248303398;5.900805074797885;4.523055713487071;3.7283387880896357;13.67580845867921;;0.3121765783015543;;1.271519898402931;0.0;0.0;0.0;0.0;1.581567041201344;0.0;1.4146235559658131;;0.0;0.0;0.0;0.0;0.0;0.0;0.0;0.0;0.24276733179045754;0.0;0.0;0.0;0.0;2.2557099781093437;0.2295159544976746;1.5893668049689957;0.9259587694858427;0.0;0.9566794474597489;7.676482786459217;0.0;0.0;0.0;0.8497305666138955;0.0;0.0;0.9053494749581421;0.0;0.0;0.0;0.0;;0.0;0.0;1.4180850579126232;0.0;0.0;0.0;0.15817101559261434;0.7482076460662676;0.0;0.0;0.0;0.0;0.0;0.0;0.0;0.0;0.0;;;;;;;;0.0;;;0.0;;;;;0.0;0.0;0.0;;;;;;;;0.0;;;;;;;;;;;;;
A574BL;151.597;94.47245978919858;17.5854272312395;7.248100976353257;4.293032868062128;0.7044861480419539;2.3151729975335935;3.127395656026584;0.26019846706907074;52.81677537771446;16.227718430952223;0.0;;;;3.4602580612914977;0.0;0.0;37.853602605102324;0.0;2.220436023778244;;;;;0.0;;8.987501147946183;0.8382940649778342;;0.6169117134644262;0.0;;0.0;0.1534993378772789;;0.0;0.0;1.8698102887474723;;0.0;4.018656937548885;2.8571476097330293;0.0;8.008276235831863;0.3995379824300423;1.365231894501257;0.0;0.0;0.0;0.0;7.310812981668581;;2.9731656230762815;;0.4796229401157954;;0.4056220606333758;3.4816766751245574;;0.0;0.0;1.669170719236465;0.0;;;;;0.26901609856023373;;;;;;0.0;0.0;0.0;0.0;;;;;;;;;;;;;;;;0.0;;0.0;;;;;;;;;0.0;;;;;;
LG-M250;279.8328;82.64699117421273;6.181798589267709;21.813707828427003;11.577076317021529;6.073561587890102;1.4392527760292546;25.56799401938906;2.4533766241668116;14.039493867640468;1.5996771276416322;0.0;0.14879465007978981;;;;;;0.8413843437310674;0.9075827598489483;1.3803525734639177;2.2119069036573746;;0.0;;1.3102532137452578;;0.0;;;0.0;0.0;0.0;0.0;0.0;;0.0;7.071959834156136;4.124385038024438;;1.1711236797916764;9.604399855609449;2.9402162171154016;0.0;0.8616241722876946;2.092054238401923;0.0;0.0;0.1906510979134713;0.0;0.0;0.8848489304160164;;1.6298389649028864;;3.9366652648479787;;1.7808545804028566;3.268375214098795;;0.0;0.0;0.2168159142773452;;;;0.0;0.2649198572477197;0.0;0.0;;;;;0.0;;;0.0;;5.650581082732979;;;0.0;;;;;;;;;;;;0.0;0.0;;;;;;;;;;;;;;;
SM-G532M;287.9032;98.50473165211959;29.490617363057936;16.03798468152667;16.650553694302765;0.9141296238247391;8.849089089731397;5.213854732979124;0.18350098798441505;1.1850068961939983;1.6671750599639272;0.0;0.0;1.48097216266568;2.384405842300024;0.4735079995823681;0.0;0.0;0.0;3.305457121286421;0.0;0.0;0.0;0.0;0.0;0.0;0.0;0.0;0.0;0.0;0.0;0.0;0.0;0.0;3.6009289598099747;0.0;0.0;0.0;0.0;0.0;1.7218053746938262;3.6465206849681278;0.5387303497252115;0.0;0.0;0.0;0.0;0.0;0.8235927709010171;0.0;0.0;0.0;0.0;0.0;0.0;0.0;0.0;0.0;0.0;1.9218261368514407;0.0;0.0;1.1115540551691345;0.0;0.0;0.0;;0.0;;;;;;;;;;;;2.907204100535697;;;;;;;;;;;;;;;;;;;;;;;;;;;;;;;
Nexus 5;321.9141;215.02003869966953;15.621184110706194;7.232940930002562;2.139161796190721;13.632461987213706;26.038295628225946;12.870169893976893;2.552894983901086;88.3766096768672;6.914045181853637;;;;;0.0;0.0;0.0;;0.0;3.266337770083591;0.7620462818150149;;;;0.9339295006574972;0.0;0.7258583739464436;0.0;;0.0;0.0;0.0;0.0;0.0;0.0;0.0;3.919498247504533;0.0;;0.0;4.706208174750218;3.523705369443725;0.0;0.0;17.791100896556785;0.0;1.8603959572026858;3.019328997795302;55.25452498353382;0.0;2.583038797912367;;10.773385176356781;;0.0;;4.565734806362712;0.38537008417914653;;0.0;0.0;4.438046657482841;0.0;;;;0.2726736185913246;43.00714388348055;0.0;0.0;;0.0;;0.0;0.0;0.5583701324946777;0.0;;0.0;;;;;;;;;;;;;;;;0.0;;0.0;;;;;;;;;;;;0.0;
SM-N9005;219.5802;169.55728013012856;43.90693659434567;0.0;0.0;0.0;1.637541755343627;7.933353116991249;10.990898281155754;23.112274430453724;53.76950939392224;0.0;0.0;0.0;13.736714830331563;0.0;0.0;0.0;0.0;0.0;0.0;0.0;;0.0;0.0;0.0;;0.0;0.0;;0.0;0.0;0.0;0.0;0.0;;0.0;0.0;0.0;0.0;0.0;0.1917489290094476;0.8268587464009873;0.0;0.0;0.0;0.0;0.0;0.0;3.619240087132826;0.0;0.0;0.0;0.0;;0.0;;0.0;0.0;0.0;0.0;0.0;0.0;0.0;0.0;0.0;0.0;0.0;26.916713374709648;0.0;0.0;;0.0;;0.0;0.0;;0.0;;0.0;;;0.0;;0.0;0.0;;;0.0;0.0;;;;0.0;;;;;;;;0.0;;;;0.0;;;;;0.0
SM-G925F;289.8272;141.28528652395676;7.4752519859013065;0.0;0.7255244895561461;1.9904642224198683;0.0;18.50599641949809;0.0;35.08625332164317;2.9520172981538986;0.0;1.5440361075262485;0.0;0.0;0.0;0.0;0.0;0.0;0.0;1.0735047695560045;0.46295372931039047;0.0;4.671752107967027;;37.513171082748876;0.0;0.0;0.0;0.0;0.0;0.0;0.0;0.0;0.0;0.702738273011792;0.0;0.0;1.718993960761687;0.6756996984343484;1.8558126063345763;0.0;0.295158744108644;0.0;4.59912386494338;0.0;0.0;4.34593665675098;0.0;20.57002848929723;0.0;0.7457144153331192;0.0;1.910708592631805;0.0;1.0350094964841654;0.0;0.0;1.881336483395649;0.0;0.0;0.0;3.435056397521826;0.0;0.0;0.0;0.0;0.0;9.527808510593399;0.0;0.0;0.0;;;0.0;;;0.0;;0.0;;;0.0;;;;;;0.0;0.0;;;;0.0;0.0;;;;;;;;;;;;;;;;
SM-G920F;161.4492;49.87986470958133;6.245910048138815;13.306005570874127;3.231625376713124;0.0;0.0;4.060338104870153;0.0;7.248714268338314;0.0;;0.5059773638847821;0.0;0.0;0.0;0.0;0.0;0.0;0.0;0.0;0.0;0.0;3.958883208668695;;0.0;0.0;0.0;0.0;1.0480143339253125;0.0;0.0;0.0;0.0;0.0;0.0;0.0;1.9971480972235782;0.0;0.0;0.7522905677825706;0.0;0.0;0.0;0.0;0.0;0.0;0.9615822594189325;1.050567185429231;0.0;0.9957043254380391;0.0;0.0;0.0;0.0;0.0;0.0;0.0;0.0;0.0;0.0;0.0;0.6400133077027618;0.0;0.0;9.251707295848986;0.0;0.0;0.0;0.0;0.0;0.0;0.0;;;0.0;;0.0;;0.32895511477796;;;0.0;;;;;;0.0;0.0;;;;0.0;0.0;;;;0.0;;;;;;;;;;;;
MotoG3;327.9119;144.7550402761487;18.28151097055054;26.943477381236683;0.0;4.63496968412311;6.207020167960765;31.41601282552774;9.986727317686338;5.15643943823642;2.215034192916366;0.0;0.0;;;0.5228429650134421;0.4427725414891568;0.0;0.0;0.0;0.6324902615157243;0.0;;0.0;;0.5375277028515698;1.5247669482869155;0.0;;;2.446572451976229;1.7811453392014653;0.0;0.0;0.0;;2.5240800719705723;3.797539119413844;11.56198913715305;;1.7220506495097616;0.9156755933680292;22.756490819737433;0.0;0.0;1.182352373348203;0.0;0.0;2.1873326879292962;0.0;22.14379914288197;0.23052636316778977;;1.2108556159119759;;8.01048131940805;;0.744567661625548;0.0;;0.0;0.3965795742425391;1.1854308814748213;0.0;;;;0.43847385947800893;;12.683571597341949;0.0;0.0;0.0;;0.0;0.0;5.389526173580505;4.691120208221789;;27.884893075675052;;;24.038933769486412;;;;;;;;;0.0;;1.184853371846048;;0.0;;;;;0.0;;;;;;;;;;
SM-G530H;161.3989;80.49291796589442;30.34204325235865;0.3623299640933845;0.19955017629207553;0.5216436008245563;20.87799541391149;0.0;8.305498903316801;10.266366905856202;0.23074820171847296;0.0;1.6845778063638075;;0.0;4.790229952104225;1.1032281322095712;0.0;0.0;0.8270101405243581;0.0;0.684207371823349;;6.056038996898754;0.0;0.49202471235059475;;0.24712160481614287;0.0;;;0.0;0.0;0.0;11.46693284966848;0.0;;0.6643160796294925;0.0;;4.310962621931044;0.6904564530451935;1.2401941762736606;0.0;0.0;2.914704982595483;0.0;0.0;0.0;0.0;0.0;1.4221964924478283;1.6243115162889852;0.0;;1.6873624035921861;;0.9216978544866256;0.0;0.0;2.3558687309280977;0.0;0.9501103073896225;0.9175334736478675;0.0;2.052867915697499;0.5702429718530239;0.0;;0.0;0.0;;;;0.0;;;;;0.22262364758245484;;;0.0;;;;0.0;;0.9083265308613607;;;0.0;;;;;;0.0;;;;;;;;0.33511551963937564;;;;;
SM-J500M;247.1098;66.71418895505661;13.34524556388592;35.26779924372566;0.49250202270768006;0.0;0.0;20.580721838183614;7.109619993474915;0.0;0.15593665756584968;0.0;0.3635903344678055;0.0;0.0;0.0;0.0;0.0;0.0;0.0;0.0;0.0;0.0;0.0;0.0;0.0;0.0;0.0;0.0;0.0;0.0;0.0;0.0;0.0;0.0;;0.0;0.8863081145104014;0.0;0.0;0.0;0.0;1.9464277906894583;0.0;0.0;0.0;0.0;0.0;0.0;0.0;0.0;0.0;0.0;0.0;0.0;0.0;0.0;0.0;0.0;0.0;0.0;0.0;0.0;0.0;0.0;0.0;;0.0;;0.0;0.0;0.0;;;0.0;;;;;0.0;;;0.0;;;;;;0.0;0.0;;;;0.0;;;;;;;;;;;;;;;;;
ASUS_T00J;102.413;29.027114142547628;19.659696416819123;8.12312698451065;2.4973396150544342;1.3420889046418427;16.033076922583348;8.743464159563281;0.3167815481980338;1.7776496273823057;3.671484878452693;0.0;0.0;;;5.207384040219991;0.0;0.0;;0.0;0.0;1.331752350205461;;0.0;;0.0;;0.0;;;;0.0;;0.0;0.5925049178126285;;;0.0;0.8362877728284258;;0.0;0.0;0.4695941448756658;0.0;1.208374547782189;0.0;0.0;0.0;0.0;0.0;0.0;0.0;0.0;0.0;;0.0;;0.0;1.1315980422632066;;0.0;0.0;0.0;0.0;;;0.0;0.0;0.0;0.0;0.0;;;;0.0;0.0;;;;4.235411986476344;;;;;0.0;0.0;;;;;;0.0;;;;;;;;;;0.0;;;;;;;;;
SM-G935F;414.8342;171.3670350283868;12.024034059929262;4.478845358893309;1.832419208217101;1.6314468156748876;1.3849437660576658;41.7248900580387;1.1659242504420846;39.18433780334794;0.8413652909504304;0.0;0.0;6.25495671430351;0.0;0.0;0.0;0.0;0.0;2.4441807714547386;6.648654979604977;0.0;0.0;0.0;;0.32714005544837643;0.0;0.0;0.0;0.0;0.0;0.0;0.0;0.0;3.7447016704595844;0.0;3.168239560723003;3.5126477805110685;0.7573113901682464;0.1910248879691615;1.1422151356389423;1.1492848212846147;80.7534670925371;2.308890488984408;6.71777942481261;5.513937419553935;8.248840562121668;6.058017750230596;0.2658590636642012;6.9546687094897495;0.0;0.6554397651578415;0.0;1.3618704355113793;3.6609369554967843;0.0;0.0;0.0;1.1571632747024228;2.490060552885493;0.0;0.0;18.155368213385454;1.7197573366331529;0.0;1.0902320277098976;2.0893985170774427;0.0;1.099656177697055;0.0;;;;;;0.0;;0.0;;4.736359275353278;;;;;;;;;;0.0;;;;0.0;0.0;;;;;;;;;;;;;;;;
Lenovo A1000;51.8441;62.12597322568072;13.993952693567513;13.364886998807878;0.0;0.0;8.84776660601048;0.0;0.0;30.787736214988055;3.1979971414081825;0.0;0.0;;;0.0;4.441266575802815;0.0;0.0;6.544697941020616;0.0;0.0;;1.5433523670093412;;0.0;;0.0;;;;0.0;0.0;0.0;0.0;;;0.0;8.117039652434872;;2.085076668105457;2.118623791835668;1.439215817783482;0.0;0.0;0.0;0.0;0.0;15.199682036568335;0.0;1.8697432127907512;13.140693181328109;;0.0;;0.0;;4.006400020654291;0.0;;0.5918254076781161;2.3085641537379105;0.867426433084448;;;;0.0;0.0;;;0.0;;;;0.0;0.0;;;;0.5044489230996575;;;0.0;;;;;;;;;;;;;;;;;;;0.0;;;;;;;;;
SM-J510FN;454.4397;215.0452558646942;5.140784013992337;41.58143186335496;3.757624218669386;0.0;27.15766290596085;69.1086024508758;0.0;0.0;0.0;2.165270094026447;0.0;4.475084217407191;3.515437602881718;0.0;0.0;0.0;0.0;0.0;7.765881661389899;0.0;0.0;0.0;0.0;0.0;1.3890694126580683;0.0;0.0;0.0;0.0;0.0;0.0;0.0;0.0;;0.0;0.0;0.0;0.0;30.191540184514313;0.0;0.6729982172584418;0.0;4.5926483294006974;62.18162854426921;1.9411240626875275;5.0390026529821395;0.0;84.94901642876356;0.0;2.877104384297824;0.0;0.0;0.0;0.0;0.0;0.0;0.0;5.410689082469584;0.0;0.0;2.320249390739027;3.5432129047622754;0.0;1.9713417011857137;0.0;0.0;0.0;84.02047011752158;;;;;0.0;;;0.0;;0.0;;;0.0;;;;;;;0.0;;;;0.0;;;;;;;;;;;0.0;;;;;;
Aquaris M5;491.5447;353.7392579704622;24.927921298931334;10.74972181132864;2.94945470294931;6.446609249579851;0.0;106.75303798457016;0.7621828420713295;159.81921349519004;0.0;0.0;0.0;;;0.0;0.0;0.0;;0.0;0.0;46.109068686182276;;0.0;;5.753919973704776;0.0;0.0;0.0;;0.0;0.0;0.0;0.0;0.0;;0.0;3.407916730959654;0.0;;0.0;6.482295391442301;62.74951342392175;0.0;0.0;0.0;0.0;12.05070597330701;40.64095524379051;0.0;0.0;0.0;;0.0;;0.0;;0.0;0.0;;0.0;0.0;0.0;0.0;;;;0.0;0.0;0.0;0.0;;0.0;;0.0;0.0;0.0;0.0;0.0;0.0;;;;;;;0.0;;;;;;;;;;;;;;;;;;;;;;;;
GT-I9060I;456.1939;232.08951462545912;53.15648933549443;3.412980445568681;18.703923988518397;22.220216170995773;97.57164726108776;19.79260461103365;6.139706205539647;42.95103021965103;3.4841286400988953;0.19003881244960996;1.0444076159465965e-16;;0.01823786238210975;0.5434521645853126;5.815829825149985;17.226917255032937;;4.072366926664178;6.1666539124217294;4.642043211461203;;9.358716765271712;0.0;1.4776098415049062;;0.0;0.0;;;0.0;;0.0;2.722218607667325;;;0.39619586617385316;1.0701394592891063;;22.225927615262275;4.657415675115894;4.056028801962301;9.98368054894172e-18;14.808419200697433;3.054347700762489;0.0;0.0;0.0;0.0;;14.145540508619167;3.8879349530493914;7.269982639314282;;2.8587169784544333;;0.8553646738237847;0.0;0.0;0.230826142777081;0.17779609867626794;1.285996432580606;0.0;;2.773512882065045;28.148167466558352;4.991210773152847;;85.41480771382672;0.0;;;;0.0;;;;;6.289253443550389;;;;;;;;;;;;0.0;;;;;;0.0;;;;;;;;;;;;;
