;base_value;screen_on;voltage;battery_level;up_time;usage;network_status_disconnected;temperature;system_size_partition_busy;network_status_WIFI;screen_brightness;ram_busy_percent;whatsapp_0;user_storage_busy_percent;com.google.android.googlequicksearchbox:interactor_0;youtube_1;network_status_hspap;com.facebook.lite:fbns_0;messenger_0;google play store_1;com.sec.spp.push:remotedlcprocess_0;bluetooth share_1;network_status_0;location_enabled;power_saver_enabled;google play music_1;network_status_disconnecting;fused location_1;com.instagram.android:mqtt_0;google play services_1;shareit_0;com.facebook.orca:videoplayer_0;network_status_lte;samsung push service_1;beaconmanager_1;com.facebook.katana:videoplayer_0;network_status_hsupa;google play m√∫sica_1;com.samsung.android.email.provider:service_0;layanan google play_1;network_status_edge;network_status_utms;google backup transport_1;lite_0;com.android.chrome:privileged_process0_0;com.instagram.android:videoplayer_0;com.lenovo.anyshare.gps:transfer_0;roaming_enabled;com.sec.phone_1;ims service_1;developer_mode;com.google.android.googlequicksearchbox:search_0;network_status_gprs;health_Good;secvideoengineservice_1;org.simalliance.openmobileapi.service:remote_0;network_status_hsdpa;com.android.systemui.recents_0;nfc_enabled;battery double_0;bluetooth_enabled;health_Unspecifiedfailure;bootagent_1;os_version_6.0.1;battery analytics_0;csc_1;system ui_1;health_Unknown;com.google.android.gms.persistent_0;com.facebook.katana:notification_0;os_version_5.1.1;os_version_7.1.2;network_status_19;network_status_hspa;batteryhub_0;com.android.smspush_1;com.qualcomm.qcrilmsgtunnel_1;android services library_1;com.qualcomm.qti.tetherservice_1;facebook_0;os_version_5.1;os_version_6.0;os_version_4.2.2;os_version_4.4.2;os_version_4.3;os_version_5.0.1;os_version_5.0.2;bluetooth_1;context service_1;com.android.systemui.imagewallpaper_0;os_version_7;network_status_1xrtt;network_status_connecting;network_status_ehrpd;com.qualcomm.atfwd_1;health_Overheat;network_status_evdo_a;os_version_4.4.4;network_status_30;os_version_10.1.2;os_version_5;os_version_6;network_status_16;os_version_4.1.2;os_version_7.1.1;health_Overvoltage;os_version_4.1.1;os_version_9.0.1;network_status_17;os_version_7.1;os_version_5.0
SM-G532F;319.14325;55.272220611572266;44.415401458740234;32.56772994995117;21.59827423095703;20.726402282714844;17.181169509887695;15.047295570373535;7.844610214233398;7.6925811767578125;7.588319301605225;7.288773536682129;3.8466687202453613;3.5408730506896973;3.4102773666381836;3.128246545791626;2.829944610595703;2.377729654312134;2.171771287918091;1.2886569499969482;1.2012627124786377;1.000969648361206;0.9337549805641174;0.8953453302383423;0.8874552845954895;0.8585507869720459;0.7694510221481323;0.7442381978034973;0.7342932820320129;0.6723291277885437;0.6366763114929199;0.6139352321624756;0.5966674089431763;0.591296374797821;0.5578185319900513;0.5307250618934631;0.5017096400260925;0.4006398022174835;0.33568766713142395;0.2692517936229706;0.2626926898956299;0.2561701238155365;0.2400006651878357;0.23929165303707123;0.203415185213089;0.19499583542346954;0.18744096159934998;0.12202232331037521;0.10708510875701904;0.09637931734323502;0.07521211355924606;0.04705941304564476;0.021863730624318123;0.010689763352274895;0.006375994998961687;0.0;0.0;0.0;0.0;0.0;0.0;0.0;0.0;0.0;0.0;0.0;0.0;0.0;;;;;;;;;;;;;;;;;;;;;;;;;;;;;;;;;;;;;;;;;;;
Redmi Note 3;110.24992;0.03014364093542099;1.387044906616211;0.0;0.0;0.0;0.0;0.0;0.0;0.0;0.0;0.0;0.0;0.0;0.0;0.0;0.0;0.0;0.0;0.0;;0.0;0.0;0.0;0.0;0.0;0.0;0.0;0.0;0.0;0.0;0.0;0.0;;;0.0;;0.0;;0.0;0.0;0.0;0.0;0.0;0.0;0.0;0.0;0.0;;;0.0;0.0;0.0;0.0;;0.0;0.0;;0.0;0.0;0.0;;;0.0;0.0;;0.0;0.0;0.0;0.0;0.0;0.0;0.0;0.0;0.0;0.0;0.0;0.0;0.0;0.0;;;;;;;;;;;;;;;;;;;;;;;;;;;;;;;
S5E_NXT;72.489944;0.0;22.100698471069336;0.0018746407004073262;0.0;0.0;0.0;0.0;0.0;0.0;0.0;0.0;0.0;0.0;0.0;;0.0;0.0;0.0;0.0;;;0.0;0.0;0.0;;;0.0;0.0;;0.0;0.0;;;;0.0;;;;0.0;0.0;0.0;0.0;0.0;0.0;0.0;0.0;0.0;;;0.0;0.0;0.0;0.0;;;0.0;;0.0;0.0;0.0;;;;0.0;;;;0.0;;;;;0.0;;0.0;;;;0.0;0.0;0.0;;;;;;;;;;;;;;;;;;;;;;;;;;;;;
GT-I9505;119.02786;9.550007820129395;8.827735900878906;0.0;0.0;0.0;0.0;0.0;0.0;0.0;0.0;0.0;0.0;0.0;0.0;0.0;0.0;0.0;0.0;0.0;0.0;0.0;0.0;0.0;0.0;0.0;0.0;0.0;0.0;0.0;0.0;0.0;0.0;0.0;0.0;0.0;;0.0;;0.0;0.0;0.0;0.0;0.0;0.0;0.0;0.0;0.0;0.0;0.0;0.0;0.0;0.0;0.0;;0.0;0.0;;0.0;0.0;0.0;0.0;;;0.0;;0.0;0.0;0.0;0.0;0.0;0.0;;0.0;0.5082697868347168;0.0;0.0;0.0;;0.0;;;0.0;0.0;0.0;0.0;0.0;0.0;0.0;0.0;;;;;;;;;;;;;;;;;;;;;
SM-N910H;170.28271;13.121576309204102;33.808895111083984;17.038646697998047;10.265753746032715;17.38983917236328;5.408206462860107;8.016279220581055;2.9930388927459717;0.6460841298103333;3.2779440879821777;3.0086426734924316;;4.774255752563477;0.14072702825069427;0.23875485360622406;1.7821727991104126;0.0025619494263082743;0.5776835680007935;1.0772894620895386;0.7187124490737915;1.2966505289077759;;0.8264314532279968;0.5318623781204224;1.0464667081832886;0.0788271576166153;0.40679219365119934;0.08188624680042267;0.25201937556266785;5.668600559234619;0.230470210313797;;1.028968095779419;0.2559313476085663;1.1131335496902466;;0.7206286191940308;;1.321212887763977;0.0;1.315310001373291;0.013131186366081238;0.5795320272445679;0.6072244048118591;0.7943450212478638;2.3737986087799072;0.0;0.009728732518851757;;0.10540971904993057;0.28434503078460693;0.0;0.028898684307932854;;0.0;0.41673001646995544;0.12478193640708923;0.15014752745628357;0.7181346416473389;0.03679210692644119;0.028409356251358986;0.0;0.0;0.0;0.0;0.0;0.0;0.0;1.054107427597046;0.0;;;;;;;;;;;;;;;;;0.0;0.0;0.27138620615005493;;;;;;;;;;;;;;;;;;;;;
SM-G355H;106.71681;2.376434087753296;0.0;0.0;0.0;0.0;0.0;0.0;0.0;0.0;0.0;0.0;0.0;0.0;;0.0;0.0;0.0;0.0;0.0;0.0;0.0;0.0;0.0;0.0;0.0;;0.0;0.0;0.0;0.0;0.0;;0.0;;0.0;0.0;0.0;;0.0;0.0;0.0;0.0;0.0;0.0;0.0;0.0;0.0;0.0;;0.0;0.0;;0.0;;;0.0;;0.0;0.0;0.0;0.0;;;;;0.0;;0.0;;;;;0.0;0.0;0.0;;;;0.0;;;;0.0;;;;;;;;;;;;;;;;;;;;;;;;;;;
Moto G (4);94.752335;0.41769930720329285;0.0;0.0;0.0;0.0;0.0;0.010631061159074306;0.0;0.0;0.0;0.0;0.0;0.0;0.0;0.0;0.0;0.0;0.0;0.0;;0.0;0.0;0.0;0.0;0.0;0.0;0.0;0.0;0.0;0.0;0.0;0.0;;;0.0;;0.0;;;0.0;0.0;0.0;0.0;0.0;0.0;0.0;0.0;;;0.0;0.0;0.0;0.0;;;0.0;;0.0;0.06508102267980576;0.0;;;0.0;0.0;;0.0;0.0;0.0;0.0;;;;0.0;0.0;;0.0;0.0;0.0;0.0;;;;;;;;0.0;;;0.0;0.0;0.0;0.0;0.0;;;;;;;;;;;;;;;;
Z981;32.23828;0.1416470855474472;3.6743831634521484;0.0;0.1902613788843155;0.0;0.0;0.0;0.0003159786865580827;0.0;0.0;0.0;0.0;0.0;0.0;0.0;0.0;0.0;0.0;0.0;;0.0;;0.0;0.0;0.0;0.0;0.0;0.0;0.0;0.0;0.0;0.0;;;0.0;;0.0;;;0.0;0.0;0.0;0.0;0.0;0.0;0.0;0.0;;;0.0;0.0;;0.0;;;0.0;;0.0;0.0;0.0;;;0.0;0.0;;0.0;0.0;;0.0;;;0.0;0.0;;0.0;0.0;;0.0;0.0;;;;;;;;;;;;;;;0.0;0.0;;;;;;;;;;;;;;;
Lenovo Z90a40;90.33308;2.9737489223480225;12.559246063232422;14.928742408752441;2.740673542022705;2.254507303237915;0.20041310787200928;2.313054323196411;0.08777744323015213;0.22306008636951447;1.61484956741333;2.729214906692505;1.782410740852356;1.4179896116256714;0.0;0.30196645855903625;0.0046920389868319035;0.3163242042064667;0.03332186117768288;1.0270286798477173;;0.0013180720852687955;0.00117027189116925;0.3075229823589325;0.24563278257846832;0.0;0.007048472762107849;0.14871647953987122;0.2292274385690689;0.012425453402101994;0.08749748766422272;0.028634143993258476;0.5171753168106079;;;0.045268263667821884;0.0;;;0.05668506398797035;0.0;0.0;0.2435251921415329;0.08225751668214798;0.34784767031669617;1.1316168308258057;0.842523455619812;0.0;;;0.07270723581314087;1.9457350969314575;0.0;0.0;;;0.0;;0.0;0.9355621337890625;0.02438468299806118;;;0.0;0.07693295180797577;;0.0;;0.0;0.009961891919374466;0.04112621769309044;;;0.019646508619189262;;0.0;0.004224906209856272;;;0.0005432077450677752;0.0;;;;;;;;;;;;;;0.1176106408238411;0.0;;;;;;;;;;;;;;;
i5E;347.74814;90.65026092529297;24.827714920043945;18.420400619506836;20.432937622070312;39.77131652832031;27.538288116455078;0.0;1.4764420986175537;11.18452262878418;11.591245651245117;5.655423641204834;0.0;17.64834976196289;0.14023208618164062;;0.6463967561721802;0.22729988396167755;1.0921140909194946;3.0708746910095215;;;0.10592536628246307;18.90012550354004;5.751020908355713;;;0.0;0.06588029116392136;;10.222773551940918;0.0;6.141218185424805;;;0.513844907283783;;;;0.0;0.03189806640148163;0.1900825798511505;0.0;2.1548538208007812;1.1153498888015747;7.093975067138672;12.135411262512207;0.0;;;1.3373997211456299;2.924813985824585;0.08475250005722046;0.0;;;;;0.0;0.0;0.8267697095870972;;;;0.0;;;;0.0;;;;;0.13239625096321106;;0.7187389731407166;;;;1.823516845703125;0.0;;;;;;;;;;;;;;;;;;;;;;;;;;;;;;
XT1254;130.5832;4.7173357009887695;0.0;0.0;0.0;0.0;0.0;0.0;0.0;0.0;0.0;0.0;0.0;0.0;0.0;0.0;0.0;0.0;0.0;0.0;;0.0;0.0;0.0;0.0;0.0;0.0;0.0;0.0;0.0;0.0;0.0;0.0;;;0.0;0.0;0.0;;;0.0;0.0;0.0;0.0;0.0;0.0;0.0;0.0;;;0.0;0.0;0.0;0.0;;;;;0.0;0.0;0.0;;;0.0;0.0;;0.0;;;0.0;;;;0.0;;;0.0;;;0.0;;;;;;;;0.0;;;;0.0;;;0.0;0.0;0.0;;;;;;;;;;;;;;
POLYTRON R2407;49.78853;6.313723087310791;4.049870491027832;4.967406272888184;2.952329158782959;0.5508273839950562;4.03884220123291;2.788917064666748;0.0;0.6819559335708618;3.4040093421936035;2.2436652183532715;0.34950730204582214;0.8740480542182922;0.0;;0.0;0.5503425598144531;0.0;0.0;;;1.441947340965271;0.041299983859062195;0.0;;;0.0;0.0;;0.0;0.0;;;;0.0;;;;0.0;0.0;0.0;;0.7866412401199341;0.0;0.0;0.1767130047082901;0.0;;;0.16286303102970123;1.6073416471481323;0.0;0.0;;;;;0.0;0.0;0.0;;;;0.0;;;;0.0;;;;;0.0;;0.0;;;;0.0;0.0;;;;;;;;;;;;;;;;;;;;;;;;;;;;;;
LG-M150;73.719696;0.0;7.619293689727783;0.0;0.022895485162734985;0.0;0.25410667061805725;0.0;0.0;0.0;0.0;0.0;0.0;0.0;0.0;0.0;0.0;0.0;0.0;0.0;;;;0.0;0.0;0.0;0.0;;0.0;0.0;0.0;0.0;0.0;;;0.0;;0.0;;;0.0;0.0;0.0;0.0;0.0;0.0;0.0;0.0;;;0.0;0.0;0.0;0.0;;;0.0;;0.0;0.0;0.0;;;;0.0;;0.0;;;;;;;0.0;;;0.0;0.0;0.0;;;;;;;;;0.0;;;0.0;;;;0.0;0.0;;;;;;;;;;;;;;;
XT1080;276.92056;94.61024475097656;35.20724105834961;26.4531307220459;47.15756607055664;11.874761581420898;39.30291748046875;42.469661712646484;0.004538512323051691;4.40526008605957;16.78131866455078;6.283854961395264;2.843318462371826;17.352285385131836;;1.7473835945129395;14.099870681762695;1.61525297164917;0.45874184370040894;2.001319169998169;;;;4.789853096008301;0.0;0.2591402232646942;;;4.5959978103637695;5.002389430999756;1.0047202110290527;0.4073748290538788;2.8881311416625977;;;2.3309268951416016;;;;;0.0;0.0;8.159989356994629;6.333460330963135;1.152315378189087;0.8089559078216553;0.026721257716417313;0.1922772079706192;;;0.0;2.3008177280426025;0.0;0.0;;;0.0;;14.744050025939941;0.021994104608893394;4.440061092376709;;;;;;0.30968165397644043;;0.12944331765174866;0.0;;;;0.5859354138374329;;;;;;1.6939189434051514;;;;;;;;;;;;;;;0.05463871359825134;;;0.0;;;;;;;;;;;;;
SM-G925I;95.06163;0.0;6.692043781280518;0.0;0.0;0.04018912464380264;0.0;0.0;0.0;0.0;0.0;0.0;0.0;0.0;0.0;0.0;0.0;0.0;0.0;0.0;0.0;;;0.0;0.0;0.0;0.0;0.0;0.0;0.0;0.0;0.0;0.0;0.0;0.0;0.0;0.0;0.0;0.0;0.0;0.0;0.0;0.0;0.0;0.0;0.0;0.0;0.0;0.0;0.0;0.0;0.0;0.0;0.0;0.0;0.0;0.0;0.0;0.0;0.0;0.0;;0.0;0.0;0.0;0.0;0.0;0.0;;0.0;;;;;0.0;;;0.0;;0.0;;;;;;;;0.0;0.0;;0.0;;;;;;;;;;;;;;;;;;;;
SM-N910F;131.8813;0.4925137758255005;0.0;0.0;0.0;0.0;0.0;0.0;0.0;0.0;0.0;0.0;0.0;0.0;0.0;0.0;0.0;0.0;0.0;0.0;0.0;0.0;;0.0;0.0;0.0;0.0;0.0;0.0;0.0;0.0;0.0;0.0;0.0;0.0;0.0;0.0;0.0;;;0.0;0.0;0.0;0.0;0.0;0.0;0.0;0.0;0.0;0.0;0.0;0.0;0.0;0.0;;0.0;0.0;0.0;0.0;0.0;0.0;;0.0;0.0;;0.0;0.0;0.0;0.0;0.0;0.0;;;0.0;0.0;;;;;0.0;;;;;;0.0;;0.0;0.0;0.0;;;;;0.0;;;0.0;0.0;;;;;;;;;;;;
SM-G7102;524.93463;149.90199279785156;94.44114685058594;33.13088607788086;38.18522644042969;16.244638442993164;85.53254699707031;259.089111328125;15.052217483520508;0.9125101566314697;14.672114372253418;22.90509605407715;17.519145965576172;18.32666015625;;2.6190733909606934;4.830633640289307;0.7021358609199524;0.24239741265773773;8.540675163269043;0.007128311321139336;0.0;2.388436794281006;1.9806773662567139;0.0;0.591986894607544;;0.0;4.444908142089844;3.002332925796509;10.517627716064453;0.2309718281030655;;0.5070652365684509;;5.676640033721924;;0.0;;5.405298233032227;0.023728301748633385;0.0;22.33123207092285;1.847133994102478;3.096146583557129;0.6330302953720093;10.885196685791016;0.6413410902023315;7.729355335235596;;73.8216552734375;2.8464040756225586;0.0;0.0;;0.0;0.2120266556739807;;0.0;1.4492793083190918;0.018609853461384773;0.02640220895409584;;;;0.0;0.033487189561128616;0.0;1.2013565301895142;;;;;0.04411686956882477;;;;;;0.7697036862373352;;;;0.0;0.0;;;;0.09985345602035522;;;;0.0;;1.222290277481079;;;;;0.0;;;;;;;;;;;
ZTE BLADE A512;154.00998;1.056756854057312;0.0;0.0;0.0;0.0;0.0;0.0;0.0;0.0;0.0;0.0;0.0;0.0;0.0;0.0;0.0;;0.0;0.0;;0.0;0.0;0.0;0.0;;0.0;;0.0;0.0;;0.0;0.0;;;0.0;;0.0;;;0.0;0.0;0.0;;0.0;0.0;;0.0;;;0.0;0.0;0.0;0.0;;;0.0;;0.0;0.0;0.0;;;0.0;;;;0.0;;0.0;;;;0.0;0.0;0.0;0.0;;0.0;0.0;;;;;;;;;;;;;;;;;;;;;;;;;;;;;;;
Andromax B26D2H;195.36801;90.44559478759766;48.32305145263672;56.210487365722656;11.675658226013184;19.55784034729004;6.057006359100342;20.649478912353516;0.31327593326568604;1.553557276725769;4.449632167816162;5.533449649810791;1.116868257522583;11.169768333435059;2.159773588180542;0.6822648644447327;;3.7731754779815674;0.31472647190093994;5.96273136138916;;;0.0;0.7638657689094543;0.0;;0.06707005202770233;0.0;0.9147186279296875;;1.004534125328064;0.4532232880592346;2.247093915939331;;;0.10936380922794342;;;;0.1256103813648224;;;0.0;4.139901638031006;2.448364734649658;3.0785272121429443;1.353639841079712;0.0;;;0.0;2.8450844287872314;;0.0;;;;;0.0;0.0;0.006524240132421255;;;0.0;2.1440370082855225;;;0.0;;0.0359693318605423;;;;;;0.015908142551779747;0.0;;0.0;0.015695517882704735;;;;;;;;;;;;;;;;0.0;;;;;;;;;;;;;;;
Moto G (5);557.83;180.07376098632812;74.41896057128906;40.92575454711914;20.044353485107422;29.464040756225586;24.969968795776367;149.4931182861328;7.138385772705078;8.066507339477539;40.065731048583984;21.341825485229492;2.192260265350342;17.230762481689453;0.0;10.248159408569336;0.5896571278572083;0.0;0.03581777215003967;5.18195915222168;;0.8729021549224854;1.1876860857009888;1.9320937395095825;0.4965755343437195;0.0;0.0;0.21594639122486115;4.219693183898926;0.0;0.0;40.98512268066406;0.02332235500216484;;;20.43402671813965;0.0;1.4610971212387085;;;0.0;0.0;0.0;;9.387173652648926;6.50266695022583;0.0;0.08192744106054306;;;0.7580610513687134;0.012329105287790298;0.0;0.0;;;;;0.0;0.0;0.27336061000823975;;;;;;0.0;;;0.7025408744812012;;;;0.0;0.0;;0.0;0.0;0.0;0.03774386644363403;;;;;;;;0.0;;;0.0;;0.0;;0.0;0.0;;;;;;;;;;;;;;;
ALE-L21;120.831345;2.8046629428863525;7.507194519042969;0.0;0.0;0.0;0.0;0.0;0.0;0.0;0.0;0.0;0.0;0.0;0.0;0.0;0.0;0.0;0.0;0.0;;0.0;0.0;0.0;0.0;0.0;0.0;0.0;0.0;0.0;0.0;0.0;0.0;;;0.0;;0.0;;0.0;0.0;0.0;0.0;;0.0;0.0;0.0;0.0;;;0.0;0.0;;0.0;;0.0;0.0;;0.0;0.0;0.0;;;;0.0;;0.0;;0.0;0.0;;;;0.0;0.0;0.0;;0.0;;0.0;;;;;;0.0;;;;;;;0.0;;;;;;;;0.0;0.0;0.0;;;;;;;;
GT-I8262;32.163322;0.48872485756874084;0.0;0.0;0.0;0.0;0.0;0.03140012547373772;0.0;0.0;0.0;0.0;0.0;0.0;;0.0;;0.0;0.0;0.0;0.0;0.0;0.0;0.0;0.0;0.0;;;0.0;0.0;0.0;0.0;;0.0;;0.0;0.0;0.0;;0.0;0.0;0.0;0.0;0.0;0.0;0.0;0.0;0.0;0.0;;0.0;0.0;0.0;0.0;;;0.0;;0.0;0.0;0.0;0.0;;;;;0.0;;0.0;;;;;0.0;0.0;;;;;0.0;;;;;;;;;;;;;;;;;;;;;;;;0.0;;;;;;;
SM-G925T;107.99369;0.2681429088115692;19.143779754638672;6.6422905921936035;3.71219539642334;5.232023239135742;1.0241106748580933;3.481262445449829;0.09674429148435593;0.4170289933681488;0.15186285972595215;0.35499307513237;0.6065683364868164;1.2603155374526978;0.0;0.038067951798439026;1.1852095127105713;0.0;0.010149011388421059;0.11919272691011429;0.01267564482986927;0.0;;0.030811725184321404;0.0;0.20486298203468323;0.0;0.0;0.02197502925992012;0.04300124943256378;0.01287093386054039;0.058473169803619385;0.02367781475186348;0.011043518781661987;0.000354727846570313;0.09049631655216217;0.01267515029758215;;0.14243941009044647;;0.0;0.0;0.0;0.0;0.006708670873194933;0.007417562883347273;0.0;0.0;0.04487146437168121;0.0026142275892198086;0.007633412256836891;0.010619068518280983;;0.0026216565165668726;0.0;0.0;;0.0;0.019308537244796753;0.06742974370718002;0.0037393199745565653;;0.010290549136698246;0.0;0.0055389730259776115;0.0;0.0;0.0;;0.10030373185873032;;;;;;;;0.0;;0.28450292348861694;;;;;;;;0.0011383190285414457;0.0;;0.0;;;;;;;;;;;;;;;;;;;;
Moto E (4);127.982895;0.10613095760345459;0.0;0.0;0.0;0.0;0.0;0.0;0.0;0.0;0.0;0.0;0.0;0.0;0.0;0.0;0.0;0.0;0.0;0.0;;0.0;;0.0;0.0;0.0;0.0;0.0;0.0;0.0;;0.0;0.0;;;0.0;;0.0;;;0.0;0.0;0.0;0.0;0.0;0.0;;0.0;;;0.0;0.0;;0.0;;;0.0;;0.0;0.0;0.0;;;;0.0;;0.0;0.0;;0.0;;;;0.0;;;0.0;0.0;0.0;0.0;;;;;;;;0.0;;;;0.0;0.0;0.0;0.0;0.0;;;;;;;;;0.0;;;;;;
Andromax A26C4H;131.06499;22.061405181884766;43.541114807128906;34.291786193847656;17.1054744720459;13.37962532043457;9.567134857177734;22.748977661132812;2.3531482219696045;1.6970479488372803;10.008420944213867;10.70263671875;2.332747459411621;9.432708740234375;0.0;2.1102066040039062;;6.3874382972717285;1.185103178024292;3.300105094909668;;0.0;1.6347599029541016;6.505752086639404;1.3930833339691162;0.0;0.23695605993270874;0.0;2.36084246635437;0.0;0.9515788555145264;0.7213720679283142;3.6506736278533936;;;1.3214174509048462;;;;1.2728183269500732;0.10457881540060043;;0.0;5.531560897827148;0.4349842965602875;1.370566964149475;1.3248796463012695;0.0;;;0.0;2.841109037399292;;0.0;;;;;0.0;3.688648223876953;0.39537689089775085;;;0.0;0.0;;0.0;0.5098546743392944;;;;;;;;0.0;0.0;;0.0;3.0229811668395996;;;;;;;;;;;;;;;;0.0;;;;;;;;;;;;;;;
LG-K350;111.41174;0.303752064704895;8.067867279052734;0.0;0.0;0.0;0.0;0.0;0.0;0.0;0.0;0.0;0.0;0.0;0.0;0.0;0.0;0.0;0.0;0.0;;;0.0;0.0;0.0;0.0;0.0;;0.0;0.0;0.0;0.0;0.0;;;0.0;;0.0;;0.0;0.0;0.0;0.0;0.0;0.0;0.0;0.0;0.0;;;0.0;0.0;0.0;0.0;;;0.0;;0.0;0.0;0.0;;;;0.0;;0.0;;;;;;;0.0;0.0;;;;;0.0;;;;;;;;0.0;;;;;0.0;;;;;;;;;0.0;;;;;;;;;
SM-A300FU;98.35259;1.1780058145523071;0.0;0.0;0.0;0.0;0.029067263007164;0.0;0.0;0.0;0.0;0.0;0.0;0.0;0.0;0.0;0.0;;0.0;0.0;0.0;0.0;0.0;0.0;0.0;0.0;0.0;0.0;0.0;0.0;0.0;0.0;0.0;0.0;0.0;0.0;0.0;0.0;;;0.0;0.0;0.0;;0.0;0.0;0.0;0.0;0.0;0.0;0.0;0.0;0.0;0.0;;0.0;0.0;0.0;0.0;0.0;0.0;;0.0;0.0;0.0;0.0;0.0;;0.0;;;;;0.0;0.0;;;;;0.0;;;;;;;0.0;0.0;0.0;0.0;;;;;0.0;;;0.0;0.0;;;;;;;0.0;;;;;
ASUS_T00F;97.62761;1.1676878929138184;0.0;0.0;0.0;0.0;0.0;0.008639972656965256;0.0;0.0;0.0;0.0;0.0;0.0;0.0;0.0;0.0;0.0;0.0;0.0;;0.0;0.0;0.0;0.0;0.0;0.0;0.0;0.0;0.0;0.0;0.0;;;;0.0;;;;0.0;0.0;0.0;0.0;0.0;0.0;0.0;0.0;0.0;;;0.0;0.0;0.0;0.0;;0.0;0.0;;0.0;0.0;0.0;;;;;;0.0;;0.0;0.0;;;;0.0;0.0;0.0;;0.0;;0.0;;;;0.0;0.0;;;;;;;;0.0;;;;;;;;0.0;;;;0.0;;;;;;
LG-K520;68.78999;0.9987415075302124;19.362548828125;0.6861797571182251;0.0;0.0;0.0;0.0;0.0;0.0;0.0;0.0;0.0;0.0;0.0;0.0;0.0;0.051727525889873505;0.0;0.0;;;0.0;0.0;0.0;0.0;0.0;;0.0;0.0;0.0;0.0;0.0;;;0.0;;;;0.0;0.0;0.0;0.0;0.0;0.0;0.0;0.0;0.0;;;0.0;0.0;0.0;0.0;;;0.0;;0.0;0.0;0.0;;;0.0;0.0;;0.0;0.0;;;;;;0.0;;;0.0;0.0;0.0;0.0;;;;;;;;0.0;;;0.0;;;;0.0;0.0;;;;;;;;;;;;;;;
GT-I9301I;131.68292;1.692961573600769;0.038066454231739044;0.0;0.12277206033468246;0.0;0.0;0.0;0.0;0.0;0.0;0.0;0.0;0.0;;0.0;0.0;0.0;0.0;0.0;0.0;0.0;;0.0;0.0;0.0;;;0.0;0.0;0.0;0.0;;0.0;;0.0;0.0;0.0;;0.0;0.0;0.0;0.0;0.0;0.0;0.0;0.0;0.0;0.0;;0.0;0.0;0.0;0.0;;0.0;0.0;;0.0;0.0;0.0;0.0;;;;;0.0;0.0;0.0;0.0;;;;0.0;0.0;;;;;0.0;;;;0.0;;;;;0.0;;;;0.0;;;;;;;;;;;;;0.0;;;;;
SM-G130H;153.59332;10.853726387023926;70.52906036376953;14.24315357208252;5.372159481048584;0.5307452082633972;2.2903335094451904;10.491897583007812;3.5501627922058105;0.8533440232276917;3.8933544158935547;2.6777572631835938;1.4657920598983765;5.477443218231201;;0.5673012733459473;0.3798680901527405;0.6064892411231995;;0.39806461334228516;0.020030077546834946;;0.2389540821313858;0.10721920430660248;0.0;;;;0.06842177361249924;;0.17677919566631317;;;2.034372329711914;;;;0.0;;0.4438666105270386;0.016736583784222603;0.277805894613266;0.016935599967837334;1.540086269378662;;0.022722087800502777;0.298946350812912;0.0;2.468862295150757;;0.005427592899650335;0.3109681010246277;0.0;0.0;;;;;0.0;2.074411630630493;0.12236672639846802;0.0;;;0.0;;;;1.2878150939941406;;;;;0.03766453266143799;0.015631115064024925;;;;;0.022190287709236145;;;;0.0;;;;;;;;;;;;;;;;;;;;;;;;;;;
Lenovo A6010;30.816189;0.0;2.898394823074341;0.0;0.0015901245642453432;0.0;0.0;0.0;0.0;0.0;0.0;0.0;0.0;0.0;0.0;0.0;0.0;0.0;0.0;0.0;;;0.0;0.0;0.0;0.0;;;0.0;0.0;;0.0;0.0;;;0.0;;;;0.0;0.0;0.0;0.0;0.0;0.0;0.0;0.0;0.0;;;0.0;0.0;0.0;0.0;;;;;0.0;0.0;0.0;;;;0.0;;0.0;0.0;0.0;;;;;0.0;;0.0;0.0;;;0.0;;;;;;;0.0;;;;;;;;;0.0;;;;;;;;;;;;;;;
SM-N950F;134.77332;0.570534884929657;0.0;0.0;0.0;0.0;0.0;0.0;0.0;0.0;0.0;0.0;0.0;0.0;0.0;0.0;0.0;0.0;0.0;0.0;0.0;;0.0;0.0;0.0;;0.0;0.0;;;0.0;0.0;0.0;0.0;;0.0;0.0;;0.0;0.0;0.0;0.0;0.0;;0.0;0.0;0.0;0.0;0.0;0.0;0.0;0.0;0.0;0.0;0.0;0.0;0.0;;0.0;0.0;0.0;;;;;0.0;;0.0;;;;;;;0.0;;;0.0;;;;;;;;;;0.0;0.0;;;;;;;;;;;;;;;;0.0;;;;;;
HUAWEI Y541-U02;49.29882;2.637951374053955;11.012195587158203;8.608299255371094;2.7903871536254883;1.3129910230636597;1.464089035987854;2.3401100635528564;0.3288906514644623;0.3009442389011383;1.1125982999801636;0.7692623138427734;0.0;2.438310146331787;;0.20813022553920746;0.0;0.48028838634490967;0.07453431934118271;0.8948544859886169;;0.0744699165225029;0.0;0.0;0.0;0.0;;0.0;0.0;0.6890186071395874;0.12672798335552216;0.0;;;;0.0;;;;0.19440679252147675;0.0;0.0;0.0;0.08837763965129852;0.0;0.0;0.25099363923072815;0.0;;;0.0;0.5671717524528503;0.0;0.0;;;0.0;;0.0;0.0;0.0;;;;;;0.05617436021566391;;0.0;;;;;0.0;;;;;;0.0;;;;0.0;;;;;;;;;;;;;;;;;;;;;;;;;;;
SM-C5000;196.91798;26.191062927246094;31.686574935913086;12.919561386108398;4.32960844039917;9.859195709228516;16.008949279785156;16.989913940429688;1.1399463415145874;0.3537329435348511;2.682771682739258;3.729508638381958;;6.714902400970459;0.0;0.7764955163002014;0.17347747087478638;0.14038096368312836;0.07775329798460007;0.9694998860359192;16.622663497924805;0.0;0.0;0.6202789545059204;1.7469604015350342;1.0577902793884277;0.002421244280412793;0.0;0.8257858157157898;0.3309682011604309;14.703614234924316;2.1631579399108887;0.1671382635831833;0.417724072933197;2.488523006439209;0.3601568043231964;;;1.7704179286956787;;0.03590446338057518;0.041808806359767914;0.0;0.7388050556182861;0.287102073431015;2.3566856384277344;3.8051891326904297;0.0;0.0413505956530571;0.006964581087231636;0.0;2.8544087409973145;0.0445774644613266;0.0;;0.0;;0.0;0.5886880159378052;0.867347002029419;0.6178343296051025;;0.0;5.713533878326416;0.0;0.0;0.0;0.0;;1.4607288837432861;;;;0.047153327614068985;;0.0;;0.13112430274486542;;;;;;;;;;0.06979472935199738;0.0;;0.0;;;;0.0;;;;;;;;;;;;;;;;
SAMSUNG-SM-G935A;156.71645;38.66650390625;18.75845718383789;13.22508430480957;6.410068988800049;18.885643005371094;3.893916368484497;24.198022842407227;6.229827404022217;2.4061849117279053;3.183292865753174;4.0937886238098145;0.9058367013931274;1.8863521814346313;0.25655996799468994;2.725310802459717;0.1647210568189621;;0.07673738151788712;0.8795596957206726;0.06620209664106369;0.0;;4.559834957122803;0.3303081691265106;0.19482704997062683;0.0;0.0;0.28396841883659363;0.05686485022306442;;0.13090267777442932;5.581082820892334;0.16988436877727509;0.06248738244175911;0.1472979187965393;;;0.389008492231369;0.024594124406576157;0.167688250541687;;0.0;;0.47433018684387207;0.13322283327579498;;0.0;0.0;0.0;0.0;0.0696873739361763;;0.003999186214059591;0.0;0.0;;0.004172062501311302;1.0051708221435547;0.0;0.9577317237854004;;0.0;0.0;0.0;0.0;0.0;0.0;;0.5393863320350647;;;;0.01269238069653511;;0.0;;1.6624646186828613;;0.4039992392063141;;;;;;;;;0.0;;0.0;;;;0.016047878190875053;;;;;;;;;;;;;;;;
SM-G900H;86.02132;0.045205872505903244;7.625418663024902;0.0;0.0;0.0;0.0;0.0;0.0;0.0;0.0;0.0;0.0;0.0;0.0;0.0;0.0;0.0;0.0;0.0;0.0;0.0;0.0;0.0;0.0;0.0;0.0;0.0;0.017545467242598534;0.0;0.0;0.0;;1.8073965311050415;0.0;0.0;;0.0;;0.0;0.0;0.0;0.0;0.0;0.0;0.0;0.0;0.0;0.0;;0.0;0.0;;0.0;;0.0;0.0;0.0;0.0;0.0;0.0;0.0;0.0;0.0;0.0;0.0;0.0;0.0;0.0;0.0;;;;;;;;;;0.0;;;;0.0;;;;0.0;0.0;0.0;;;;;;;;;;;0.0;;;;;;;;;;
SM-N916L;73.062485;0.022778017446398735;5.293511390686035;3.4571008682250977;0.6288298964500427;5.257106781005859;0.44584813714027405;1.9403046369552612;0.0002443036937620491;0.177255779504776;1.4980565309524536;0.7087361216545105;;1.1487021446228027;0.0;0.6910597085952759;0.0643606036901474;0.12643152475357056;0.0;0.24224479496479034;0.0002814281324390322;0.0;;0.0028076909948140383;0.0;;0.0;0.0;;0.0;0.21156032383441925;0.27939751744270325;0.10138107091188431;0.05732814222574234;0.0;3.547266721725464;0.030793752521276474;;;;;;0.0;0.2671716511249542;0.2386833280324936;;0.1626199632883072;0.0;0.0;;0.0;0.18701057136058807;0.01022810023277998;0.0;;;;0.003476751735433936;0.0;1.2710185050964355;0.0008488080929964781;;0.0;0.0;0.11949509382247925;0.0;0.0;0.0;;0.08619953691959381;;;;;;;;;;0.1386066973209381;;;;;;;;;0.0;0.0;;;;;;;;;;;;;;;;;;;;;
SAMSUNG-SM-G925A;122.43254;0.8374989032745361;0.0;0.0;0.0;0.0;0.0;0.0;0.0;0.0;0.0;0.0;0.0;0.0;0.0;0.0;0.0;0.0;0.0;0.0;0.0;0.0;;0.0;0.0;0.0;0.0;0.0;0.0;0.0;0.0;0.0;0.0;0.0;0.0;0.0;0.0;0.0;0.0;;0.0;0.0;0.0;0.0;0.0;0.0;0.0;0.0;0.0;0.0;0.0;0.0;;0.0;0.0;0.0;0.0;0.0;0.0;0.0;0.0;;0.0;0.0;0.0;0.0;0.0;0.0;0.0;0.0;;;;;;;;0.0;;0.0;;;;;;;0.0;0.0;0.0;0.0;0.0;;;;;;;;;;;;;;;0.0;;;;;
SM-N900T;109.68438;1.447373867034912;0.0;0.0;0.0;0.0;0.0;0.0;0.49161356687545776;0.0;0.0;0.0;0.0;0.0;0.0;0.0;0.0;0.0;0.0;0.0;0.0;0.0;0.0;0.0;0.0;0.0;;0.0;0.0;0.0;0.0;0.0;0.0;0.0;;0.0;;0.0;;;0.0;0.0;0.0;0.0;0.0;0.0;0.0;0.0;0.0;;0.0;0.0;0.0;0.0;;0.0;;;0.0;0.0;0.0;;;;;0.0;0.0;0.0;0.0;0.0;;;;0.0;;0.0;;;;0.0;;;;0.0;;;;0.0;0.0;0.0;;;;;0.0;;;;;;0.0;;;;;0.0;;;;;
SM-N920K;117.70366;0.06438631564378738;16.618589401245117;10.32766056060791;2.107987403869629;7.4935455322265625;0.1730661392211914;7.789990425109863;0.02669255994260311;0.09771575033664703;1.4487086534500122;1.9968599081039429;0.0012439623242244124;1.8201091289520264;0.0035280080046504736;5.551214218139648;;;;;9.806342124938965;;;0.007115957792848349;0.0;;;0.0;0.020664945244789124;;;;0.028549958020448685;0.07087215781211853;0.0;0.0;;;0.41134488582611084;;;;0.0;;0.0054610841907560825;0.006020546890795231;;0.0;0.0;0.0034591942094266415;0.019943848252296448;0.03443492576479912;;0.0;0.0;;;;0.0;0.06426851451396942;0.06867699325084686;;;;0.23478110134601593;0.0;;0.0;;;;;;;;;;0.0;;0.0015319476369768381;;;;;;;;;0.0;;0.0;;;;;;;;;;;;;;;;;;;;
GT-I9500;115.70224;3.440464496612549;0.0;0.0;0.0;0.0;0.0;0.0;0.0;0.0;0.0;0.0;0.0;0.0;0.0;0.0;0.0;0.0;0.0;0.0;0.0;0.0;0.0;0.0;0.0;0.0;;0.0;0.0;0.0;0.0;0.0;;0.0;0.0;0.0;;0.0;;0.0;0.0;0.0;0.0;0.0;0.0;0.0;0.0;0.0;0.0;;0.0;0.0;0.0;0.0;;0.0;0.0;;0.0;0.0;0.0;0.0;;;0.0;;0.0;;0.0;0.0;;0.0;;;;0.0;;0.0;;0.0;;;0.0;0.0;0.0;0.0;;0.0;0.0;0.0;;;;;;;;;;;;;;;;;;;;;
ONE E1003;121.214264;1.6617860794067383;0.0;0.0;0.0;0.0;0.0;0.0;0.0;0.0;0.0;0.0;0.0;0.0;0.0;0.0;0.0;;0.0;0.0;;0.0;0.0;0.0;0.0;0.0;0.0;0.0;0.0;0.0;0.0;0.0;0.0;;;0.0;;0.0;;;0.0;0.0;0.0;;0.0;0.0;;0.0;;;0.0;0.0;;0.0;;;0.0;;0.0;0.0;0.0;;;0.0;;;0.0;;;0.0;;0.0;;0.0;0.0;0.0;0.0;0.0;0.0;0.0;;;;;;;;;;;;;;;;0.0;;;;;;;;;;;;;;;
SM-G903F;120.07319;2.170654535293579;0.0;0.0;0.0;0.0;0.0;0.0;0.0;0.0;0.0;0.0;0.0;0.0;0.0;0.0;0.0;0.0;0.0;0.0;0.0;0.0;;0.0;0.0;0.0;0.0;0.0;0.0;0.0;0.0;0.0;0.0;0.0;0.0;0.0;0.0;0.0;0.0;;0.0;0.0;0.0;0.0;0.0;0.0;0.0;0.0;0.0;0.0;0.0;0.0;0.0;0.0;;0.0;0.0;0.0;0.0;0.0;0.0;0.0;0.0;0.0;;0.0;0.0;0.0;0.0;0.0;0.0;;;;0.036899931728839874;;;;;0.0;;;;;;;;0.0;0.0;0.0;;;;;;;;;;;;;;;;0.0;;;;;
SM-G900V;107.805954;1.2239559888839722;0.0;0.0;0.0;0.0;0.0;0.0;0.0;0.0;0.0;0.0;0.0;0.0;0.0;0.0;0.0;0.0;0.0;0.0;0.0;0.0;;0.0;0.0;0.0;0.0;0.0;0.0;0.0;0.0;0.0;0.0;0.0;0.0;0.0;;0.0;;;0.0;0.0;0.0;0.0;0.0;0.0;0.0;0.0;0.0;0.0;0.0;0.0;;0.0;0.0;0.0;0.0;0.0;0.0;0.0;0.0;;0.0;0.0;0.0;0.0;0.0;0.0;0.0;0.0;;;;0.0;;;;;;0.0;;;;;;;;0.0;0.0;0.0;;0.0;;;0.0;;0.0;0.0;;;0.0;;;;;;;;;;
Lenovo A2020a40;39.89894;0.23991359770298004;3.8781070709228516;0.0;0.16322283446788788;0.0;0.0;0.0;0.0;0.0;0.0;0.0;0.0;0.0;0.0;0.0;0.0;0.0;0.0;0.0;;0.0;0.0;0.0;0.0;0.0;;0.0;0.0;0.0;;0.0;0.0;;;0.0;;;;0.0;0.0;0.0;;0.0;0.0;0.0;0.0;0.0;;;0.0;0.0;;0.0;;;;;0.0;0.0;0.0;;;;0.0;;0.0;0.0;0.0;;0.0;;;0.0;;0.0;0.0;;;0.0;;;;;;;;;;;;;;;;0.0;;;;;;;;;;;;;;;
GT-N7100;111.045715;0.0;0.0;0.0;0.0;2.57747745513916;0.0;0.0;0.0;0.0;0.0;0.0;0.0;0.0;0.0;0.0;0.0;0.0;0.0;0.0;0.0;0.0;;0.0;0.0;0.0;0.0;0.0;0.0;0.0;0.0;0.0;0.0;0.0;;0.0;;0.0;;0.0;0.0;0.0;0.0;0.0;0.0;0.0;0.0;0.0;0.0;;0.0;0.0;0.0;0.0;;0.0;0.0;;0.0;0.0;0.0;;;;;0.0;0.0;0.0;0.0;0.0;;0.0;;;0.0;0.0;;0.0;;0.0;;;;0.0;0.0;;;;0.0;;;;;;;;;;;;;;;0.0;;;0.0;;;;
LG-TP260;296.34113;54.8809928894043;33.82237243652344;23.807613372802734;9.303864479064941;7.303843021392822;0.3355855345726013;42.266239166259766;7.13566780090332;2.462467908859253;22.532379150390625;5.469658374786377;0.09976261854171753;14.275959014892578;0.6616185307502747;0.8877297043800354;0.009607449173927307;;0.018704907968640327;6.278083801269531;;;;2.021304130554199;2.205083131790161;0.25825566053390503;0.8678445219993591;;5.953636169433594;0.10446295142173767;;0.22831857204437256;1.785280466079712;;;0.5197319388389587;;0.0;;;0.0;0.0040124463848769665;0.18549859523773193;;1.9044970273971558;1.0086727142333984;;0.0;;;0.0;1.0979918241500854;;0.0;;;;;0.0;2.4161925315856934;0.6121180653572083;;;;4.254740238189697;;0.0;0.0;;;;;;0.0;;;0.29734310507774353;0.2227948009967804;0.0;0.12288221716880798;;;;;;;;0.0;;;0.0;;;;0.0;;;;;;;;;;;;;;;;
GT-I9060;124.99471;1.0362356901168823;0.0;0.0;0.0;0.0;0.0;0.0;0.0;0.0;0.0;0.0;0.0;0.0;0.0;0.0;0.0;0.0;0.0;0.0;0.0;0.0;0.0;0.0;0.0;0.0;;0.0;0.0;0.0;0.0;0.0;;0.0;;0.0;;0.0;;0.0;0.0;0.0;0.0;0.0;0.0;0.0;0.0;0.0;0.0;;0.0;0.0;0.0;0.0;;;0.0;;0.0;0.0;0.0;;;;;;0.0;;0.0;;;;;;0.0;;;;;0.0;;;0.0;;;;;;;;;;;;;;;;;;;;;;;0.0;;;;;
ASUS_Z007;91.73834;0.005255954805761576;18.03026008605957;0.0;0.0;0.03704409673810005;0.0;0.0;0.0;0.0;0.0;0.0;0.0;0.0;;0.0;0.0;0.0;0.0;0.0;;0.0;0.0;0.0;0.0;0.0;;0.0;0.0;0.0;0.0;0.0;;;;0.0;;;;0.0;0.0;0.0;0.0;0.0;0.0;0.0;0.0;0.0;;;0.0;0.0;;0.0;;0.0;0.0;;0.0;0.0;0.0;;;;;;;;0.0;;;;;0.0;;;;;;0.0;;;;0.0;;0.0;;;;;;;0.0;;;;;;;;;;;;;;;;;;
Lenovo A6000;97.96418;0.454768568277359;0.0363045334815979;0.0;0.0;0.0;0.0;0.0;0.0;0.0;0.0;0.0;0.0;0.0;0.0;0.0;0.0;0.0;0.0;0.0;;;0.0;0.0;0.0;0.0;;0.0;0.0;0.0;;0.0;0.0;;;0.0;;;;0.0;0.0;0.0;0.0;0.0;0.0;0.0;0.0;0.0;;;0.0;0.0;;0.0;;;0.0;;0.0;0.0;0.0;;;0.0;0.0;;0.0;0.0;0.0;;;;;0.0;;0.0;0.0;;;0.0;;;;;;;0.0;;;;;;;;;0.0;;0.0;;;;;;;;;;;;;
SM-G610M;362.90063;63.760494232177734;43.582550048828125;29.18120002746582;13.448214530944824;13.879258155822754;3.0550906658172607;20.653362274169922;16.493080139160156;1.9690521955490112;22.85588836669922;10.53185749053955;6.360058784484863;3.930565118789673;0.0672159343957901;0.9773104786872864;4.969117641448975;1.398603081703186;2.1532657146453857;1.3115642070770264;1.092008113861084;;0.0;0.8806794881820679;4.131017208099365;;0.12718503177165985;;0.8815402388572693;0.2580079138278961;0.2167978584766388;2.5137717723846436;0.9979262948036194;1.251525640487671;0.0;0.9755039215087891;0.3022648096084595;10.076035499572754;3.847100019454956;;0.1842203438282013;0.22019793093204498;0.0;0.15583446621894836;0.2601633071899414;1.4699124097824097;0.5609337091445923;0.510597825050354;1.3761192560195923;0.04043711721897125;7.2757568359375;0.31238681077957153;0.0;0.0020142740104347467;0.0;0.0;0.007405241951346397;0.0;0.0;15.551426887512207;0.9269917011260986;;0.0;0.0;0.0;0.0;;0.0;;9.341816902160645;;;;;1.1595114469528198;;;4.661328315734863;;0.15575405955314636;;;;;;;;0.826064944267273;0.0;;0.0;;;;;;;;;;;;;;;;;;;;
LGMP260;76.339424;0.6647918224334717;0.0;0.2105000913143158;0.0;0.0;0.0;0.0;0.0;0.0;0.0;0.0;0.0;0.027241619303822517;0.0;0.0;0.0;0.0;0.0;0.0;;;0.0;0.0;0.0;0.0;0.0;;0.0;0.0;0.0;0.0;0.0;;;0.0;;0.0;;;;0.0;0.0;0.0;0.0;0.0;0.0;0.0;;;0.0;0.0;;0.0;;;0.0;;0.0;0.0;0.0;;;;0.0;;0.0;;;0.0;;;;0.0;;;0.0;0.0;0.0;;;;;;;;;0.0;;;0.0;;;;0.0;0.0;;;;;;;;;;;;;;;
SM-G928F;190.99599;25.089338302612305;30.938840866088867;17.786155700683594;6.149745941162109;17.321739196777344;1.5566928386688232;13.979024887084961;11.938271522521973;2.4139249324798584;3.87174916267395;12.620628356933594;0.6468225121498108;4.58310604095459;0.14416329562664032;0.5583533048629761;0.04513627290725708;3.101466417312622;0.5439197421073914;0.20589450001716614;0.5876059532165527;0.0;0.0;3.5487546920776367;2.5894572734832764;0.9376304745674133;0.042636141180992126;0.0;1.9941577911376953;3.780580520629883;1.4027061462402344;0.950395405292511;0.2768354117870331;2.4403457641601562;0.588096022605896;1.5755255222320557;0.048486750572919846;0.05277632921934128;1.9149726629257202;;0.04736139997839928;0.2727958858013153;0.4537040591239929;0.46366703510284424;0.8728421926498413;0.5927152633666992;0.20389674603939056;0.004487089347094297;0.3213132917881012;0.039909038692712784;0.3495447635650635;0.9456681609153748;0.0;0.0;0.0032112346962094307;0.0029282448813319206;0.0;0.0;0.04648781195282936;0.3357703983783722;2.099400758743286;;0.0;0.0;0.0;0.023254651576280594;1.0777935981750488;0.0;;0.614271879196167;;;;0.0;0.05337003245949745;;;0.07596579939126968;;1.2283790111541748;;;;;;;;0.0;0.0;;0.0;;;;0.0;;;;;;;;;;;;;;;;
SM-J700F;125.2524;0.4681883752346039;0.0;0.0;0.0;0.0;0.0;0.0;0.0;0.0;0.0;0.0;0.0;0.0;0.0;0.0;0.0;0.0;0.0;0.0;0.0;0.0;0.0;0.0;0.0;0.0;0.0;0.0;0.0;0.0;0.0;0.0;0.0;0.0;0.0;0.0;0.0;;0.0;0.0;0.0;0.0;0.0;0.0;0.0;0.0;0.0;0.0;0.0;0.0;0.0;0.0;0.0;0.0;0.0;0.0;0.0;0.0;0.0;0.0;0.0;0.0;0.0;0.0;0.0;0.0;0.0;0.0;0.0;;0.0;;;;0.0;;;;;0.0;;;;;;;;0.0;0.0;0.0;;;;;;;;;0.0;;;;;;;;;0.0;;;
VS501;100.51486;0.0;0.15325884521007538;0.0;0.0;0.0;0.0;0.0;0.0;0.0;0.0;0.0;0.0;0.0;0.0;0.0;0.0;0.0;0.0;0.0;;;;0.0;0.0;0.0;0.0;;0.0;0.0;;0.0;0.0;;;0.0;;;;;;0.0;0.0;0.0;0.0;0.0;;0.0;;;0.0;0.0;;0.0;;;;;0.0;0.0;0.0;;;;0.0;;0.0;;;0.0;;;;0.0;;;0.0;0.0;0.0;0.0;;;;;;;;0.0;;;0.0;;;;0.0;;;;;;;;;;;;;;;;
GT-I8200;100.996284;1.07646906375885;0.019020771607756615;0.0;0.0;0.0;0.0;0.0;0.0;0.0;0.0;0.0;0.0;0.0;;0.0;0.0;0.0;0.0;0.0;0.0;0.0;;0.0;0.0;0.0;;0.0;0.0;0.0;0.0;0.0;;0.0;;0.0;;0.0;;;0.0;0.0;0.0;0.0;0.0;0.0;0.0;0.0;0.0;;0.0;0.0;;0.0;;;0.0;;0.0;0.0;0.0;0.0;;0.0;;;0.0;;0.0;;;;;0.0;;;;;;0.0;;;0.0;;;;;;;;;;;;;;;;;;;;;;;;;;;;
SM-J111F;289.69955;61.48397445678711;19.496204376220703;15.979896545410156;10.790484428405762;16.266597747802734;49.34408187866211;43.7335205078125;8.282587051391602;17.289392471313477;6.659725189208984;10.981539726257324;7.553195953369141;3.378741502761841;0.0;0.7660074234008789;2.615219831466675;9.37961196899414;0.36539217829704285;0.8016153573989868;0.0;;0.24775969982147217;3.352908134460449;0.0;0.008909254334867;0.6402128338813782;0.07959923893213272;2.147803783416748;0.1488296240568161;0.9737013578414917;0.06685329228639603;0.28152942657470703;0.5382350087165833;;0.3205462694168091;0.2254723161458969;;;1.8119211196899414;0.04382120072841644;0.0;;2.5531766414642334;1.0456933975219727;2.1290481090545654;1.3799645900726318;0.054696228355169296;0.09835191071033478;;0.45163536071777344;0.88077712059021;0.012755881063640118;0.08292177319526672;;0.06647419184446335;;;0.0;0.0;0.9561247229576111;0.0;;;0.0;0.0;0.1585148274898529;0.04939354956150055;0.0;;0.0;;;;;;;;;0.0;;;;;;;;0.0;;0.018147844821214676;;;;;;;;;;;;;;;;0.0;;;0.0;;
SM-G610F;555.4301;148.98089599609375;84.40352630615234;57.955814361572266;20.069032669067383;15.851471900939941;25.2923641204834;60.81161880493164;14.468826293945312;11.534087181091309;27.905553817749023;22.861635208129883;5.654905319213867;21.194520950317383;0.0;6.317183017730713;0.5899443030357361;0.036399926990270615;23.596242904663086;2.1389718055725098;3.5546793937683105;0.0;0.12076696753501892;3.0805928707122803;1.6573954820632935;2.397799491882324;0.17592962086200714;0.579194188117981;11.999093055725098;4.0769195556640625;2.59350323677063;1.934244155883789;1.274735927581787;1.7450978755950928;1.0451151132583618;1.669437050819397;0.021485701203346252;1.3466899394989014;6.032672882080078;3.1893908977508545;0.0;0.013479061424732208;0.697552502155304;0.0;0.5733906626701355;0.198567733168602;8.627857208251953;0.0;1.5196905136108398;0.34867826104164124;0.15032091736793518;1.977859616279602;;0.0;0.0;0.0;0.013727506622672081;0.0;0.0;1.0271531343460083;4.0005645751953125;;0.0;3.6151816844940186;0.0;0.0;4.7557244300842285;0.0;;3.5724761486053467;;;;;1.15841805934906;0.0;;0.0;;;;;;;;;;0.5927627682685852;0.0;;0.0;;;;0.0;;;;;;;;;;;;;;;;
QMobile i2 PRO;54.913223;3.1665422916412354;9.088095664978027;1.0039395093917847;0.12818169593811035;3.7044336795806885;8.961061477661133;0.0;0.0;0.0;0.23165595531463623;0.9687668085098267;3.337724208831787;0.0;0.1491193175315857;0.9214937686920166;0.0;2.1076791286468506;0.0;0.9088681936264038;;0.0;0.0;0.0;0.0;0.12759195268154144;;0.0;0.0;0.0;0.0;0.0;;;;0.0;;;;;0.0;0.0;0.0;0.0;0.0;0.0;0.0;0.0;;;1.5520161390304565;0.0;0.0;0.0;;;;;0.0;0.0;0.0;;;;;;0.0;;0.0;;;;;0.0;;0.0;;;;0.0;0.0;;;;;;;;;;;;;;;;;;;;;;;;;;;;;;
SM-G531H;139.60031;0.269008994102478;0.0;0.0;0.0;0.0;0.0;0.0;0.0;0.0;0.0;0.0;0.0;0.0;0.0;0.0;0.0;0.0;0.0;0.0;0.0;;0.0;0.0;0.0;0.0;0.0;0.0;0.0;0.0;0.0;0.0;;0.0;;0.0;0.0;0.0;;0.0;0.0;0.0;0.0;0.0;0.0;0.0;0.0;0.0;0.0;;0.0;0.0;0.0;0.0;;;0.0;;0.0;0.0;0.0;0.0;;;0.0;0.0;0.0;0.0;0.0;;0.0;;;0.0;;;;;;0.0;;;;;;;;0.0;;0.0;;;;;;;;;;;;;;;;0.0;;;;;
GT-I9192;34.967293;0.9109632968902588;13.48869514465332;0.9862477779388428;0.00220107170753181;0.08697076141834259;0.0;0.09422694891691208;0.0;0.0;0.0;0.0;0.0;0.0;0.0;0.0;0.0;0.0;0.0;0.0;0.0;0.0;0.0;0.1848917007446289;0.0;0.0;;0.0;0.0;0.0;0.0;0.0;;0.0;;0.0;;0.0;;;0.0;0.0;0.0;0.0;0.0;0.0;0.0;0.0;0.0;;0.0;0.0;0.0;0.0;;0.0;0.0;;0.0;0.0;0.0;0.0;;0.0;;;0.0;;0.0;;;;;0.0;0.0;0.0;;;;0.0;;;0.0;0.0;;;;;0.0;;;;;;;;;;;;;;;;;;;;;;
MS45S;66.89933;5.824840545654297;11.089422225952148;3.0338830947875977;0.354710191488266;2.170825481414795;0.0;0.0;0.0;0.0;0.0;0.0;0.5441018342971802;0.0;0.0;0.0;0.0;0.0;0.0;0.0;;0.0;0.0;0.0;0.0;;;;0.0;0.0;0.0;0.0;;;;0.0;;0.0;;;;0.0;;0.0;0.0;0.0;;0.0;;;0.0;0.0;;0.0;;;;;0.0;0.0;0.0;;;;;;;;0.0;;;;;0.0;0.0;0.0;;;;0.0;0.0;;;;;;;;;;;;;;;;;;;;;;;;;;;;;;
SM-S727VL;373.09503;72.79254913330078;42.7958869934082;30.65789031982422;19.938186645507812;20.373058319091797;4.581516742706299;38.96476745605469;3.526580810546875;1.3209710121154785;22.207643508911133;11.425604820251465;0.0;8.447644233703613;5.914709091186523;8.494219779968262;;0.16356630623340607;;0.7012869119644165;1.1266982555389404;0.0;;6.263301849365234;1.0245652198791504;2.574449300765991;0.21608154475688934;0.0;;0.011677207425236702;;2.3922932147979736;18.471744537353516;0.2464928925037384;0.3612603545188904;1.465907096862793;;0.01776023954153061;3.5813393592834473;;;;0.0;0.2293727993965149;1.8031330108642578;3.4848742485046387;;0.0;0.0;0.0;0.0;8.063560485839844;;0.0;0.0;0.0696750283241272;;0.0;0.0;1.6706762313842773;1.04462468624115;;0.0;0.0;0.0;0.0;0.0;0.0;;;;;;;;;;;;;;;;;;;;;0.0;;;0.0;;;0.2167598456144333;;0.34014180302619934;;;;;;;;;0.0;;;;;
SM-J200H;131.48587;0.975048840045929;0.0;0.0;0.0;0.0;0.0;0.0;0.0;0.0;0.0;0.0;0.0;0.0;;0.0;0.0;0.0;0.0;0.0;0.0;;0.0;0.0;0.0;0.0;0.0;0.0;0.0;0.0;0.0;0.0;;0.0;;0.0;;;;;0.0;0.0;;0.0;0.0;0.0;0.0;0.0;0.0;;0.0;0.0;;0.0;;;;;0.0;0.0;0.0;0.0;;;0.0;0.0;0.0;0.0;0.0;;0.0;;;0.0;;;;;;0.0;;;;;;;;0.0;;0.0;;;;;;;;;;;;;;;;;;;;;
GT-I9300;113.59611;3.8239989280700684;0.006342888809740543;0.0;0.0;0.0;0.0;0.0;0.0;0.0;0.0;0.0;0.0;0.0;0.0;0.0;0.0;0.0;0.0;0.0;0.0;0.0;;0.0;0.0;0.0;0.0;0.0;0.0;0.0;0.0;0.0;;0.0;;0.0;;0.0;;0.0;0.0;0.0;0.0;0.0;0.0;0.0;0.0;0.0;0.0;;0.0;0.0;0.0;0.0;;0.0;0.0;;0.0;0.0;0.0;0.0;;0.0;;0.0;0.0;0.0;0.0;;;;;0.0;0.0;0.0;;;;0.0;;;;0.0;0.0;;;;0.0;;;;;;;;;0.0;;;;;;0.0;;;;;;;
ASUS_Z00RD;32.078762;0.2038685381412506;6.398199081420898;0.001463273074477911;1.047668695449829;0.0;0.0;3.5310516357421875;0.0;0.0;0.0;0.0010805929778143764;0.0;0.0;0.0;0.0;0.0;0.0;0.0;0.0;;;0.0;0.0;0.0;;;0.0;0.0;;0.0;0.0;;;;0.0;;;;0.0;0.0;0.0;0.0;0.0;0.0;0.0;0.0;0.0;;;0.0;0.0013243334833532572;;0.0;;;0.0;;0.0;0.0;0.0;;;0.0;0.0;;;0.0;0.0;;;;;0.0;;0.0;0.0;;0.0;0.0;;;;;;;0.0;;;;;;;;;;;;;;;;;;;;;;;;
LG-M153;35.566467;0.1460948884487152;2.098015546798706;0.0;0.03180798143148422;0.0;0.0;0.0001761995954439044;0.0;0.0;0.0;0.0;0.0;0.00010846608347492293;0.0;0.0;0.0;0.0;0.0;0.0;;;0.0;0.0;0.0;0.0;0.0;;0.0;0.0;0.0013326131738722324;0.0;0.0;;;0.0;;0.0;;;0.0;;0.0;0.0;0.0;0.0;0.0;0.0;;;0.0;0.0;0.0;0.0;;;;;0.0;0.0;0.0;;;0.0;0.0;;0.0;;;;;;;0.0;;;0.0;;0.0;0.0;;;;;;;;0.0;;;;;0.0;;0.0;0.0;;;;;;;;;;;;;;;
SM-G950F;489.42194;166.43865966796875;62.58732986450195;44.07749557495117;16.537330627441406;27.1844539642334;33.70225143432617;80.97932434082031;36.1558723449707;16.765348434448242;5.061892032623291;28.592544555664062;4.043375015258789;23.499103546142578;1.1147282123565674;1.2458324432373047;0.6604017615318298;3.830446481704712;8.825032234191895;6.735284328460693;2.71059250831604;;0.0;3.165548086166382;5.712954044342041;;0.4549563527107239;4.596189022064209;0.0;29.249338150024414;0.0;8.681779861450195;3.0176172256469727;0.5111726522445679;0.0;12.559200286865234;0.09277814626693726;;5.6006927490234375;0.0;0.3222968280315399;0.09967774897813797;1.0152900218963623;0.0;2.094675302505493;;;2.710054874420166;0.0;0.0;0.3805772364139557;0.4577675759792328;0.0;0.010644686408340931;0.0;0.0;0.0;0.0;16.167823791503906;0.0;4.211599349975586;;0.0;0.0;0.0;0.0;5.164742946624756;0.0;0.0;0.0;;;;;0.0;;;0.0;;0.0;;;;;;;;0.0;0.0;;0.0;;;;;;;;;;;;;;;;;;;;
HTC 10;114.89395;0.5311712026596069;0.0;0.0;0.0;0.0;0.0;0.002611533971503377;0.0;0.0;0.0;0.0;0.0;0.0;0.0;0.0;0.0;;0.0;0.0;;0.0;;0.0;0.0;;0.0;;0.0;;;0.0;0.0;;;0.0;;0.0;;;0.0;0.0;0.0;;0.0;0.0;;0.0;;;0.0;0.0;0.0;0.0;;0.0;;;0.0;;0.0;;;;;;;0.0;;0.0;;0.0;;0.0;0.0;0.0;;0.0;0.0;;;;;;;;;;;;0.0;;;;;0.0;;;;;;;;;;;;;;;
SM-J250F;258.76642;20.249670028686523;20.20059585571289;11.065289497375488;2.5929276943206787;16.42851448059082;4.420810699462891;13.071521759033203;9.244524002075195;2.371938943862915;8.965725898742676;7.1997575759887695;2.0316379070281982;5.6000800132751465;0.008404364809393883;0.18649588525295258;1.103397250175476;0.9863390922546387;0.14897260069847107;0.1272512525320053;1.6394299268722534;;0.1630224734544754;1.6941642761230469;0.2693083882331848;2.501265048980713;0.014544891193509102;1.7905126810073853;0.13284437358379364;4.845799446105957;2.2138211727142334;0.0819099172949791;3.353470802307129;1.228440284729004;;0.25586631894111633;;0.33802279829978943;3.5885977745056152;0.275172621011734;0.042100582271814346;0.00407885666936636;0.17396852374076843;1.2079625129699707;0.3238058090209961;0.22412148118019104;0.6679479479789734;0.4234144985675812;0.6132347583770752;0.0;0.0;0.11435852199792862;0.009163426235318184;0.044568631798028946;0.0;;0.0;;0.0;7.953693866729736;0.45332270860671997;0.0;;;0.4215265214443207;0.1277768611907959;0.2869667410850525;0.0;;;;;;0.10516256093978882;;;;0.011292090639472008;;0.02207217551767826;;;;;;;;0.09608877450227737;0.017543787136673927;;;;;;0.0;;;;;;;;;;0.0;;;;;;
SM-J105B;126.51345;0.48904547095298767;0.0;0.0;0.0;0.0;0.0;0.0;0.0;0.0;0.0;0.0;0.0;0.0;0.0;0.0;0.0023983176797628403;0.0;0.0;0.0;0.0;;0.0;0.0;0.0;0.0;0.0;0.0;0.0;0.0;0.0;0.0;;0.0;;0.0;;0.0;;0.0;0.0;0.0;0.0;0.0;0.0;0.0;0.0;0.0;0.0;;0.0;0.0;0.0;0.0;;0.0;;;0.0;0.0;0.0;0.0;;;0.0;0.0;0.0;;0.0;;0.0;;;0.0;0.0;;;;;0.0;;;;;;;;0.0;;0.0;;;;;;;;;;;;;;;;0.0;;;;;
SM-J700M;116.27912;0.12326213717460632;30.04863166809082;0.0;0.0;0.0;0.0;0.0;0.0;0.0;0.0;0.0;0.0;0.0;0.0;0.0;0.0;0.0;0.0;0.0;0.0;0.0;0.0;0.0;0.0;0.0;0.0;0.0;0.0;0.0;0.0;0.0;0.0;0.0;0.0;0.0;0.0;0.0;0.0;;0.0;0.0;0.0;0.0;0.0;0.0;0.0;0.0;0.0;0.0;0.0;0.0;0.0;0.0;0.0;0.0;0.0;0.0;0.0;0.0;0.0;0.0;0.0;0.0;0.0;0.0;0.0;0.0;0.0;;0.0;;;;0.0;;;;;0.0;;;;;;;;0.0;0.0;0.0;;;;;;;;;;;;;;;;0.0;;;;;
SM-G920V;175.71841;39.8846435546875;29.19685935974121;17.351398468017578;4.114010334014893;14.041531562805176;5.976670265197754;19.65934944152832;6.811595439910889;0.576251208782196;3.6088385581970215;5.887846946716309;1.2005717754364014;4.823941230773926;1.7376810312271118;0.3298512101173401;0.1418602466583252;0.31214749813079834;0.7116203308105469;1.9560890197753906;0.668157160282135;0.1848839372396469;;1.1899970769882202;1.042281985282898;0.45261868834495544;0.06707898527383804;0.4413526952266693;0.2199399471282959;0.7882459163665771;0.11838466674089432;0.38774344325065613;0.08664936572313309;0.22627854347229004;1.2026861906051636;0.755536675453186;;0.3165588974952698;4.180638790130615;1.8449230194091797;0.0028411406092345715;0.10452161729335785;0.06820942461490631;0.22005827724933624;0.6777057647705078;0.9016939401626587;0.09602994471788406;0.0;0.5405807495117188;0.0;0.4672967791557312;1.8075621128082275;;1.1952805519104004;0.2859858274459839;0.0;0.0;0.0;0.2616947889328003;16.141183853149414;0.900772750377655;;0.2850835621356964;0.030228331685066223;0.0;0.0;0.010512024164199829;0.0;0.21182504296302795;5.160678863525391;0.0;;;0.09222953766584396;;;;1.335749864578247;;0.034948088228702545;;;;;;;;0.046200063079595566;0.01611427776515484;0.0;0.5950281023979187;0.0;;;0.0;;0.01216463278979063;;;;;;;;;;;;;;
LG-K430;111.151024;0.47760164737701416;10.721794128417969;0.0;0.0;0.0;0.0;0.0;0.0;0.0;0.0;0.0;0.0;0.0;0.0;0.0;0.0;0.0;0.0;0.0;;;0.0;0.0;0.0;0.0;0.0;;0.0;0.0;0.0;0.0;0.0;;;0.0;;0.0;;0.0;0.0;0.0;0.0;0.0;0.0;0.0;0.0;0.0;;;0.0;0.0;0.0;0.0;;;0.0;;0.0;0.0;0.0;;;;0.0;;0.0;;;;;;;0.0;0.0;;;;;0.0;;;;;;;;0.0;;;;;0.0;;;;;;;;;0.0;;;;;;;;;
Andromax A16C3H;33.16364;0.0;4.17540979385376;0.0;0.0;0.0;0.0;0.0005540169659070671;0.0;0.0;0.0;0.0;0.0;0.0;0.0;0.0;0.0;0.0;0.0;0.0;;0.0;0.0;0.0;0.0;0.0;;0.0;0.0;0.0;0.0;0.0;0.00011358918709447607;;;0.0;;;;0.0;0.0;0.0;0.0;0.0;0.0;0.0;0.0;0.0;;;0.0;0.0;;0.0;;;;;0.0;0.0;0.0;;;;0.0;;0.0;0.0;0.0;;0.0;;;0.0;;0.0;0.0;;;0.0;;;;;;;;;;;;;0.0;;0.0;0.0;;;;;;;;;;;;;;;
SM-G900F;107.377975;1.0917845964431763;0.0;0.0;0.0;0.0;0.0;0.0;0.0;0.0;0.0;0.0;0.0;0.0;0.0;0.0;0.0;0.0;0.0;0.0;0.0;0.0;0.0;0.0;0.0;0.0;0.0;0.0;0.0;0.0;0.0;0.0;0.0;0.0;0.0;0.0;0.0;0.0;;0.0;0.0;0.0;0.0;0.0;0.0;0.0;0.0;0.0;0.0;0.0;0.0;0.0;0.0;0.0;;0.0;0.0;0.0;0.0;0.00919121690094471;0.0;;0.0;0.0;0.0;0.0;0.0;0.0;0.0;0.0;;0.0;;0.0;0.0;0.0;;0.0;;0.0;;;;0.0;;0.0;;0.0;0.0;0.0;;;;;0.0;;;;;;0.0;;;;;0.0;;;;;
LM-X210;76.703094;0.0;6.970705509185791;0.0;0.0;0.002402873942628503;0.0;0.0;0.0;0.0;0.0;0.0;0.0;0.0;0.0;0.0;0.0;0.0;0.0;0.0;;;0.0;0.0;0.0;0.0;0.0;;0.0018659265479072928;0.0;0.0;0.0;0.0;;;0.0;;0.0;;0.0;0.0;0.0;0.0;0.0;0.0;0.0;0.0;0.0;;;0.0;0.0;0.0;0.0;;;0.0;;0.0;0.0;0.0;;;;0.0;;0.0;;;;;0.0;;0.0;;;0.0;0.0;0.0;0.0023272838443517685;;;;;;;;0.0;;;;;;0.0;0.0;0.0;;;;;;;;;;;;;;;
A75;42.8539;0.5220857858657837;9.49611759185791;5.632111549377441;0.711944043636322;0.5299658179283142;0.5894728302955627;0.0;0.585975170135498;0.3978973925113678;1.224016547203064;0.5668970346450806;0.18885672092437744;0.8789113163948059;0.0;0.20919914543628693;0.0;1.9078953266143799;0.0;0.0;;;0.0;0.0;0.0;;;0.0;0.0;;0.0;0.0;;;;0.0;;;;0.0;0.0;0.0;0.0;1.0116626024246216;0.2900788187980652;0.0;0.0;0.0;;;0.0;0.2200702577829361;0.0;0.0;;;;;0.0;0.0;0.0;;;;0.0;;;;0.0;;;;;0.0;;0.0;;;;0.0;0.0;;;;;;;;;;;;;;;;;;;;;;;;;;;;;;
SM-G532MT;564.4776;345.6492004394531;144.75709533691406;96.98942565917969;132.083984375;25.471519470214844;36.904144287109375;127.29132843017578;1.317882776260376;44.25008773803711;27.90154457092285;19.705774307250977;3.0051980018615723;16.75322914123535;0.41266337037086487;4.61451530456543;3.2167422771453857;11.896723747253418;21.26712989807129;10.684764862060547;3.0726988315582275;;0.0;15.619345664978027;4.842304229736328;;0.0;;8.655312538146973;2.4523887634277344;1.783589482307434;2.125309467315674;0.0568079836666584;9.395851135253906;2.026336669921875;17.30384063720703;0.3821961283683777;1.1368249654769897;9.116023063659668;;0.11111597716808319;0.0;0.02903437241911888;28.598180770874023;18.546287536621094;8.052513122558594;0.7789445519447327;0.0;0.0;0.0;0.5362076163291931;4.827957630157471;0.16177476942539215;0.026539603248238564;0.0;0.22618141770362854;1.174240231513977;0.1154479831457138;0.0;1.1790281534194946;4.657556056976318;0.0;0.0;0.0;15.734675407409668;0.0;;0.0;;;;;;;0.0;;;;;;;;;;;;;;;;;;;;;;;;;;;;;;;;;;;;
SM-G930F;129.58463;1.0188734531402588;0.0;0.0;0.0;0.0;0.0;0.0;0.0;0.0;0.0;0.0;0.0;0.0;0.0;0.0;0.0;0.0;0.0;0.0;0.0;0.0;0.0;0.0;0.0;0.0;0.0;0.0;0.0;0.0;;0.0;0.0;0.0;0.0;0.0;0.0;0.0;0.0;0.0;0.0;0.0;0.0;0.0;0.0;0.0;;0.0;0.0;0.0;0.0;0.0;0.0;0.0;0.0;0.0;0.0;0.0;0.0;0.0;0.0;;0.0;0.0;;0.0;0.0;0.0;;0.0;;;;;0.0;;;0.0;;0.0;;;;;;;;0.0;0.0;;0.0;;;;;;;;;;;;;;;;;;;;
SM-G532G;389.4746;149.29090881347656;93.61160278320312;55.69610595703125;24.61834144592285;26.174036026000977;49.78913879394531;39.37984085083008;4.6040215492248535;4.122673988342285;10.28709888458252;13.166648864746094;0.5971110463142395;10.375249862670898;0.7006167769432068;0.4112870693206787;0.9535984396934509;1.9947142601013184;2.8091418743133545;6.536828994750977;2.45672869682312;0.0;2.3864266872406006;6.528033256530762;1.886871099472046;1.2728347778320312;1.9946433305740356;0.07917631417512894;0.9495932459831238;0.5748968720436096;1.3024890422821045;2.2834503650665283;0.7392029762268066;3.6016433238983154;1.760408639907837;0.5647180676460266;1.0736645460128784;;5.537369728088379;3.145521879196167;0.4762718379497528;0.07549753040075302;0.0;6.298455238342285;1.063106894493103;2.363334894180298;1.2067185640335083;0.0;0.5155543684959412;0.8371211886405945;0.6652814745903015;2.137908935546875;0.0;0.0;0.0;0.01723681017756462;0.006259559653699398;0.0;0.0;0.0;0.9408438205718994;0.0;0.0;0.0;0.0;0.0;0.0;0.0076841916888952255;;;;;;;;;;;;0.06284544616937637;;;;;;;;;;;;;;;;;;;;;;;;;;;;;;;
A0001;123.48289;0.5737131237983704;0.0;0.0;0.0;0.0;0.0;0.0;0.0;0.0;0.0;0.0;0.0;0.0;0.0;0.0;0.0;;0.0;0.0;;0.0;0.0;0.0;0.0;0.0;0.0;0.0;0.0;0.0;0.0;0.0;0.0;;;0.0;0.0;0.0;;;0.0;0.0;0.0;;0.0;0.0;0.0;0.0;;;0.0;0.0;0.0;0.0;;0.0;0.0;;0.0;0.0;0.0;;;0.0;;;0.0;;0.0;0.0;0.0;0.0;;0.0;0.0;0.0;0.0;0.0;0.0;0.0;;;;;;;0.0;;;;;;;;;0.0;;0.0;;;;;;;;0.0;;;;;
SM-N910C;98.82907;0.05132506787776947;13.64342975616455;0.0;0.0;0.04120597615838051;0.0;0.0;0.0;0.0;0.0;0.0;0.0;0.0;0.0;0.0;0.0;0.0;0.0;0.0;0.0;0.0;;0.0;0.0;0.0;0.0;0.0;0.0;0.0;0.0;0.0;0.0;0.0;0.0;0.0;0.0;0.0;;0.0;0.0;0.0;0.0;0.0;0.0;0.0;0.0;0.0;0.0;;0.0;0.0;0.0;0.0;;0.0;0.0;0.0;0.0;0.0;0.0;0.0;0.0;0.0;0.0;0.0;0.0;0.0;0.0;0.0;0.0;;;;0.0;;;;;0.0;;;;;;0.0;;0.0;0.0;0.0;;;;;;;;0.0;;;;;;;;;;;;;
A574BL;94.91979;0.4906204640865326;13.476298332214355;0.0;0.0;0.0;0.0;0.0;0.0;0.0;0.0;0.0;0.0;0.0;0.0;0.0;0.0;0.0;;0.0;;0.0;0.0;0.0;0.0;0.0;0.0;0.0;0.0;0.0;;0.0;0.0;;;0.0;;0.0;;;0.0;;0.0;0.0;0.0;0.0;;0.0;;;0.0;0.0;;0.0;;;0.0;;0.0;0.0;0.0;;;;0.0;;0.0;0.0;;0.0;;;;0.0;;0.0;0.0;0.0;;;;;;;;;;;;;;;;;0.0;0.0;;;;;;;;;0.0;;;;;;
LG-M250;326.4101;68.26480102539062;31.627246856689453;14.679553031921387;15.855612754821777;18.178871154785156;10.995596885681152;46.73464584350586;5.140156269073486;3.0996737480163574;15.870009422302246;11.846273422241211;1.3499983549118042;3.795717477798462;0.028606921434402466;1.8174556493759155;1.1942195892333984;0.7264449000358582;1.068661093711853;0.5042358636856079;;;0.0;1.998833417892456;0.258901983499527;;0.1815003901720047;;0.636473536491394;0.7941418886184692;0.07437888532876968;3.546431303024292;0.6809999346733093;;;3.900055408477783;;1.8571428060531616;;0.1965014785528183;0.0;0.03606318309903145;0.006442358251661062;1.828897476196289;1.0250943899154663;1.541133999824524;0.0330466665327549;0.025202274322509766;;;0.25704675912857056;1.5868672132492065;0.0;0.0;;;0.0;;0.0;1.0076384544372559;0.36097991466522217;;;;0.318388968706131;;;;;0.27106261253356934;;;;0.015401321463286877;0.03731561452150345;;;0.0;;3.6148860454559326;;;;;;;;0.04098435863852501;;;0.0;;;;;0.0;;;;;;;;;;;;;;;
SM-G532M;363.3651;102.96722412109375;67.23888397216797;40.21782684326172;20.76732635498047;20.446378707885742;17.964433670043945;26.850954055786133;6.088286399841309;0.27723392844200134;13.070250511169434;15.946709632873535;2.1331400871276855;11.890157699584961;0.30059710144996643;1.5325639247894287;3.73498797416687;1.207714319229126;0.9534509778022766;8.276985168457031;1.5463130474090576;0.0;0.0;1.8949791193008423;0.5004830360412598;0.21790041029453278;0.21680200099945068;0.045343417674303055;1.4807112216949463;1.1750215291976929;0.6915039420127869;0.4867253303527832;3.696859359741211;1.2065858840942383;0.7564143538475037;1.35997474193573;0.29151585698127747;0.42515844106674194;0.923573911190033;;0.0;0.28710681200027466;0.0;0.8147955536842346;0.9909051060676575;3.630018472671509;0.6672905087471008;0.05737920477986336;5.898224830627441;1.530792236328125;0.14343470335006714;1.039167046546936;0.0;0.20754531025886536;0.0;0.025962695479393005;0.0;0.0;0.0;18.439353942871094;0.9253455996513367;0.0;0.12283433973789215;0.0;1.2352720499038696;0.0;0.0;0.2130173295736313;;;;;;;;;;;;1.5189322233200073;;;;;;;;;;;;;;;;;;;;;;;;;;;;;;;
Nexus 5;114.7567;4.391050338745117;0.0;0.0;0.0;0.0;0.0;0.0;0.0;0.0;0.0;0.0;0.0;0.0;0.0;0.0;0.0;0.0;0.0;0.0;;0.0;;0.0;0.0;0.0;0.0;0.0;0.0;0.0;;0.0;0.0;;;0.0;0.0;0.0;;;0.0;0.0;0.0;0.0;0.0;0.0;;0.0;;;0.0;0.0;0.0;0.0;;;0.0;;0.0;0.0;0.0;;;0.0;;;0.0;0.0;0.0;0.0;;0.0;;0.0;0.0;0.0;0.0;0.0;;0.0;;;;;;;;;;;;;;;;0.0;;0.0;;;;;;;;;;;;0.0;
SM-N9005;100.6523;1.1165140867233276;22.304393768310547;0.0;0.0;0.0;0.0;0.0;0.03165115416049957;0.0;0.0;0.0;0.0;0.0;0.0;0.0;0.0;0.0;0.0;0.0;0.0;0.0;0.0;0.0;0.0;0.0;0.0;0.0;0.0;0.0;0.0;0.0;0.0;0.0;0.0;0.0;;0.0;;0.0;0.0;0.0;0.0;0.0;0.0;0.0;0.0;0.0;0.0;0.0;0.0;0.0;0.0;0.0;;0.0;0.0;;0.0;0.0;0.0;0.0;;;0.0;0.0;0.0;0.0;0.0;0.0;;0.0;;0.0;0.0;0.0;;0.0;;0.0;;;;0.0;0.0;;;0.0;0.0;0.0;;;;;0.0;;;;;;0.0;;;;;0.0;;;;;0.0
SM-G925F;120.86304;0.7147464752197266;0.0;0.0;0.0;0.0;0.0;0.0;0.0;0.0;0.0;0.0;0.0;0.0;0.0;0.0;0.0;0.0;0.0;0.0;0.0;0.0;0.0;0.0;0.0;0.0;0.0;0.0;0.0;0.0;0.0;0.0;0.0;0.0;0.0;0.0;0.0;0.0;0.0;0.0;0.0;0.0;0.0;0.0;0.0;0.0;0.0;0.0;0.0;0.0;0.0;0.0;0.0;0.0;0.0;0.0;0.0;0.0;0.0;0.0;0.0;;0.0;0.0;0.0;0.0;0.0;0.0;0.0;0.0;0.0;;;0.0;0.0;;;0.0;;0.0;;;;;;;;0.0;0.0;0.0;0.0;;;;0.0;;;;;;;;;;;;;;;;
SM-G920F;205.77768;40.05764389038086;26.455455780029297;15.059676170349121;8.595744132995605;16.384286880493164;3.6584105491638184;17.884986877441406;4.698695182800293;0.5532513856887817;3.8219265937805176;8.950095176696777;0.8427606225013733;7.776647567749023;0.21166157722473145;0.732372522354126;0.05248107388615608;0.35733893513679504;1.6171770095825195;1.4206291437149048;0.3509465157985687;0.0698714330792427;;0.7066070437431335;0.23670214414596558;0.2500196397304535;0.055493298918008804;0.16685278713703156;0.25390684604644775;0.011706862598657608;0.7245950698852539;1.2175060510635376;0.19847191870212555;1.3937751054763794;0.09682297706604004;1.2233473062515259;0.0544101819396019;1.4716092348098755;1.3110618591308594;0.027449527755379677;0.9321113228797913;0.02789251133799553;0.2506321668624878;0.07508841156959534;1.1269659996032715;0.5757321119308472;0.8318488001823425;0.1571962535381317;0.3953854739665985;1.103116512298584;0.46317046880722046;0.3043058216571808;0.010217614471912384;0.012934355065226555;0.16553837060928345;0.0;0.0;0.35810089111328125;0.64736407995224;0.28248119354248047;0.6246486306190491;;0.0;0.3147770166397095;1.3527628183364868;0.0;0.334553599357605;0.0;0.12452253699302673;5.740596771240234;0.0;0.0;;;15.238648414611816;0.0;;0.45112162828445435;;0.09109127521514893;;;;;;;;0.09740905463695526;0.019456962123513222;0.006527445279061794;0.12096363306045532;;;;0.03836418315768242;;;;0.0;;;;;;;;;;;;
MotoG3;128.55124;0.28386223316192627;0.0;0.0;0.0;0.0;0.0;0.0;0.0;0.0;0.0;0.0;0.0;0.0;0.0;0.0;0.0;0.0;0.0;0.0;;0.0;0.0;0.0;0.0;0.0;0.0;0.0;0.0;0.0;0.0;0.0;0.0;;;0.0;;0.0;;;0.0;0.0;0.0;0.0;0.0;0.0;0.0;0.0;;;0.0;0.0;0.0;0.0;;;0.0;;0.0;0.0;0.0;;;0.0;0.0;;0.0;;0.0;;0.0;0.0;;0.0;0.0;0.0;0.0;0.0;;0.0;;;;;;;;0.0;;;;;0.0;;0.0;0.0;;;;;;0.0;;;;;;;;;
SM-G530H;105.687164;0.42658478021621704;0.0;0.0;0.0;0.0;0.0;0.0;0.0;0.0;0.0;0.0;0.0;0.0;0.0;0.0;0.0;0.0;0.0;0.0;0.0;0.0;0.0;0.0;0.0;0.0;;0.0;0.0;0.0;0.0;0.0;;0.0;;0.0;0.0;0.0;;0.0;0.0;0.0;0.0;0.0;0.0;0.0;0.0;0.0;0.0;;0.0;0.0;0.0;0.0;;0.0;0.0;;0.0;0.0;0.0;0.0;;;0.0;0.0;0.0;0.0;0.0;;;;;0.0;0.0;;;;;0.0;;;;;;;0.0;0.0;;0.0;;;0.0;;;;;0.0;;;;;;;;0.0;;;;;
SM-J500M;302.426;59.67848587036133;50.8639030456543;26.48149299621582;20.080341339111328;26.70412826538086;11.980978012084961;25.876083374023438;3.6389288902282715;0.46187734603881836;3.5415124893188477;10.634370803833008;0.8500635623931885;6.033952713012695;0.07371748238801956;0.7683363556861877;0.6252049207687378;0.6913475394248962;2.6069421768188477;8.32624340057373;0.4202844798564911;0.0;0.004365419037640095;0.9451020359992981;1.779854655265808;0.0;0.24340705573558807;0.11720632016658783;1.3299485445022583;1.7235476970672607;0.13681486248970032;0.31635963916778564;0.2951296269893646;5.469003677368164;1.1463062763214111;0.3556796908378601;;0.38505762815475464;0.4569562077522278;;0.5032662153244019;0.03776135668158531;0.17298555374145508;1.0862736701965332;0.19236603379249573;1.1445770263671875;0.0;0.0;0.7191164493560791;0.06774508953094482;2.1731414794921875;1.415797472000122;0.0;0.3098277747631073;0.17510727047920227;0.39990633726119995;0.0;0.0;0.0;2.5842833518981934;1.1236509084701538;0.0;0.08544003963470459;0.0;0.0;0.0;0.0;0.0;0.0;;0.0;;;0.5199472904205322;0.15506885945796967;;;;;0.11530716717243195;;;;;;;;0.09193681180477142;0.0;0.962166428565979;;;;;0.5605800747871399;;;;;;;;;;;;;;;;
ASUS_T00J;84.615616;0.0;16.072113037109375;0.0;0.0;0.0;0.0;0.0;0.0;0.0;0.0;0.0;0.0;0.0;0.0;0.0;0.0;0.0;0.0;0.0;;0.0;0.0;0.0;0.0;0.0;;0.0;0.0;0.0;0.0;0.0;;;;0.0;;0.0;;0.0;0.0;0.0;0.0;0.0;0.0;0.0;0.0;0.0;;;0.0;0.0;;0.0;;0.0;0.0;;0.0;0.0;0.0;;;;;;0.0;;0.0;0.0;;;;0.0;0.0;0.0;;;;0.0;;;;0.0;0.0;;;;;;;;0.0;;;;;;;;0.0;;;;;;;;;;
SM-G935F;129.65152;0.2808052599430084;0.0;0.0;0.0;0.0;0.0;0.0;0.0;0.0;0.0;0.0;0.0;0.0;0.0;0.0;0.0;0.0;0.0;0.0;0.0;0.0;0.0;0.0;0.0;0.0;0.0;0.0;0.0;0.0;0.0;0.0;0.0;0.0;0.0;0.0;0.0;0.0;0.0;0.0;0.0;0.0;0.0;0.0;0.0;0.0;0.0;0.0;0.0;0.0;0.0;0.0;0.0;0.0;0.0;0.0;0.0;0.0;0.0;0.0;0.0;;0.0;0.0;0.0;0.0;0.0;0.0;;0.0;;;;;0.0;0.0;;0.0;;0.0;;;;;;;;;0.0;;0.0;;;;0.0;;;;;;;;;;;;;;;;
Lenovo A1000;40.702114;2.704634428024292;4.721231460571289;0.6172498464584351;0.0;0.0;0.0;0.0;0.0;0.0;0.0;0.0;0.0;0.0;0.0;0.0;0.0;0.0;0.0;0.0;;0.0;0.0;0.0;0.0;0.0;;;0.0;0.0;0.0;0.0;;;;0.0;;0.0;;0.0;0.0;0.0;0.0;0.0;0.0;0.0;0.0;0.0;;;0.0;0.0;0.0;0.0;;;0.0;;0.0;0.0;0.0;;;;0.0;;0.0;;0.0;;;;;0.0;;0.0;;;;0.0;;;;;;;;0.0;;;;;;;;;;;;;0.0;;;;;;;;;;
SM-J510FN;133.58432;0.21700537204742432;0.0;0.0;0.0;0.0;0.0;0.0;0.0;0.0;0.0;0.0;0.0;0.0;0.0;0.0;0.0;0.0;0.0;0.0;0.0;0.0;0.0;0.0;0.0;0.0;0.0;0.0;0.0;0.0;0.0;0.0;0.0;0.0;0.0;0.0;;0.0;0.0;0.0;0.0;0.0;0.0;0.0;0.0;0.0;0.0;0.0;0.0;0.0;0.0;0.0;0.0;0.0;0.0;0.0;0.0;0.0;0.0;0.0;0.0;0.0;0.0;0.0;0.0;0.0;0.0;0.0;;0.0;;;;0.0;0.0;;;0.0;;0.0;;;;;;;;0.0;0.0;;;;;;0.0;;;;;;;;;;0.0;;;;;;
Aquaris M5;126.96515;1.6846609115600586;0.0;0.0;0.0;0.0;0.0;0.0;0.0;0.0;0.0;0.0;0.0;0.0;0.0;0.0;0.0;0.0;0.12253065407276154;0.0;;0.0;0.0;0.0;0.0;0.0;0.0;0.0;0.0;0.0;0.0;0.0;0.0;;;0.0;;0.0;;;0.0;0.0;0.0;0.0;0.0;0.0;0.0;0.0;;;0.0;0.0;0.0;0.0;;;0.0;;0.0;0.0;0.0;;;0.0;;;0.0;0.0;0.0;0.0;;0.0;;0.0;0.0;0.0;0.0;0.0;0.0;0.0;;;;;;;0.0;;;;;;;;;;;;;;;;;;;;;;;;
GT-I9060I;126.42767;0.036969274282455444;21.657651901245117;0.0;0.0;0.0;0.0;0.0;0.0;0.0;0.0;0.0;0.0;0.0;;0.0;0.0;0.0;0.0;0.0;0.0;0.0;0.0;0.0;0.0;0.0;;0.0;0.0;0.0;0.0;0.0;;0.0;;0.0;;0.0;;0.0;0.0;0.0;0.0;0.0;0.0;0.0;0.0;0.0;0.0;;0.0;0.0;;0.0;;0.0;0.0;;0.0;0.0;0.0;0.0;;;;;0.0;0.0;0.0;;;;;0.0;0.003120032139122486;;;;;0.0;;;;;;;;;;;;;0.0;;;;;0.0;;;;;;;;;;;;;
